<?xml version="1.0" encoding="utf-8"?>
<ArrayOfATSCTuning xmlns:xsi="http://www.w3.org/2001/XMLSchema-instance" xmlns:xsd="http://www.w3.org/2001/XMLSchema">
  <ATSCTuning>
    <frequency>73250</frequency>
  </ATSCTuning>
  <ATSCTuning>
    <frequency>55250</frequency>
  </ATSCTuning>
  <ATSCTuning>
    <frequency>61250</frequency>
  </ATSCTuning>
  <ATSCTuning>
    <frequency>67250</frequency>
  </ATSCTuning>
  <ATSCTuning>
    <frequency>79250</frequency>
  </ATSCTuning>
  <ATSCTuning>
    <frequency>85250</frequency>
  </ATSCTuning>
  <ATSCTuning>
    <frequency>175250</frequency>
  </ATSCTuning>
  <ATSCTuning>
    <frequency>181250</frequency>
  </ATSCTuning>
  <ATSCTuning>
    <frequency>187250</frequency>
  </ATSCTuning>
  <ATSCTuning>
    <frequency>193250</frequency>
  </ATSCTuning>
  <ATSCTuning>
    <frequency>199250</frequency>
  </ATSCTuning>
  <ATSCTuning>
    <frequency>205250</frequency>
  </ATSCTuning>
  <ATSCTuning>
    <frequency>211250</frequency>
  </ATSCTuning>
  <ATSCTuning>
    <frequency>121150</frequency>
  </ATSCTuning>
  <ATSCTuning>
    <frequency>127150</frequency>
  </ATSCTuning>
  <ATSCTuning>
    <frequency>133150</frequency>
  </ATSCTuning>
  <ATSCTuning>
    <frequency>139150</frequency>
  </ATSCTuning>
  <ATSCTuning>
    <frequency>145150</frequency>
  </ATSCTuning>
  <ATSCTuning>
    <frequency>151150</frequency>
  </ATSCTuning>
  <ATSCTuning>
    <frequency>157150</frequency>
  </ATSCTuning>
  <ATSCTuning>
    <frequency>163150</frequency>
  </ATSCTuning>
  <ATSCTuning>
    <frequency>169150</frequency>
  </ATSCTuning>
  <ATSCTuning>
    <frequency>217250</frequency>
  </ATSCTuning>
  <ATSCTuning>
    <frequency>223250</frequency>
  </ATSCTuning>
  <ATSCTuning>
    <frequency>229250</frequency>
  </ATSCTuning>
  <ATSCTuning>
    <frequency>235250</frequency>
  </ATSCTuning>
  <ATSCTuning>
    <frequency>241250</frequency>
  </ATSCTuning>
  <ATSCTuning>
    <frequency>247250</frequency>
  </ATSCTuning>
  <ATSCTuning>
    <frequency>253250</frequency>
  </ATSCTuning>
  <ATSCTuning>
    <frequency>259250</frequency>
  </ATSCTuning>
  <ATSCTuning>
    <frequency>265250</frequency>
  </ATSCTuning>
  <ATSCTuning>
    <frequency>271250</frequency>
  </ATSCTuning>
  <ATSCTuning>
    <frequency>277250</frequency>
  </ATSCTuning>
  <ATSCTuning>
    <frequency>283250</frequency>
  </ATSCTuning>
  <ATSCTuning>
    <frequency>289250</frequency>
  </ATSCTuning>
  <ATSCTuning>
    <frequency>295250</frequency>
  </ATSCTuning>
  <ATSCTuning>
    <frequency>301250</frequency>
  </ATSCTuning>
  <ATSCTuning>
    <frequency>307250</frequency>
  </ATSCTuning>
  <ATSCTuning>
    <frequency>313250</frequency>
  </ATSCTuning>
  <ATSCTuning>
    <frequency>319250</frequency>
  </ATSCTuning>
  <ATSCTuning>
    <frequency>325250</frequency>
  </ATSCTuning>
  <ATSCTuning>
    <frequency>331250</frequency>
  </ATSCTuning>
  <ATSCTuning>
    <frequency>337250</frequency>
  </ATSCTuning>
  <ATSCTuning>
    <frequency>343250</frequency>
  </ATSCTuning>
  <ATSCTuning>
    <frequency>349250</frequency>
  </ATSCTuning>
  <ATSCTuning>
    <frequency>355250</frequency>
  </ATSCTuning>
  <ATSCTuning>
    <frequency>361250</frequency>
  </ATSCTuning>
  <ATSCTuning>
    <frequency>367250</frequency>
  </ATSCTuning>
  <ATSCTuning>
    <frequency>373250</frequency>
  </ATSCTuning>
  <ATSCTuning>
    <frequency>379250</frequency>
  </ATSCTuning>
  <ATSCTuning>
    <frequency>385250</frequency>
  </ATSCTuning>
  <ATSCTuning>
    <frequency>391250</frequency>
  </ATSCTuning>
  <ATSCTuning>
    <frequency>397250</frequency>
  </ATSCTuning>
  <ATSCTuning>
    <frequency>403250</frequency>
  </ATSCTuning>
  <ATSCTuning>
    <frequency>409250</frequency>
  </ATSCTuning>
  <ATSCTuning>
    <frequency>415250</frequency>
  </ATSCTuning>
  <ATSCTuning>
    <frequency>421250</frequency>
  </ATSCTuning>
  <ATSCTuning>
    <frequency>427250</frequency>
  </ATSCTuning>
  <ATSCTuning>
    <frequency>433250</frequency>
  </ATSCTuning>
  <ATSCTuning>
    <frequency>439250</frequency>
  </ATSCTuning>
  <ATSCTuning>
    <frequency>445250</frequency>
  </ATSCTuning>
  <ATSCTuning>
    <frequency>451250</frequency>
  </ATSCTuning>
  <ATSCTuning>
    <frequency>457250</frequency>
  </ATSCTuning>
  <ATSCTuning>
    <frequency>463250</frequency>
  </ATSCTuning>
  <ATSCTuning>
    <frequency>469250</frequency>
  </ATSCTuning>
  <ATSCTuning>
    <frequency>475250</frequency>
  </ATSCTuning>
  <ATSCTuning>
    <frequency>481250</frequency>
  </ATSCTuning>
  <ATSCTuning>
    <frequency>487250</frequency>
  </ATSCTuning>
  <ATSCTuning>
    <frequency>493250</frequency>
  </ATSCTuning>
  <ATSCTuning>
    <frequency>499250</frequency>
  </ATSCTuning>
  <ATSCTuning>
    <frequency>505250</frequency>
  </ATSCTuning>
  <ATSCTuning>
    <frequency>511250</frequency>
  </ATSCTuning>
  <ATSCTuning>
    <frequency>517250</frequency>
  </ATSCTuning>
  <ATSCTuning>
    <frequency>523250</frequency>
  </ATSCTuning>
  <ATSCTuning>
    <frequency>529250</frequency>
  </ATSCTuning>
  <ATSCTuning>
    <frequency>535250</frequency>
  </ATSCTuning>
  <ATSCTuning>
    <frequency>541250</frequency>
  </ATSCTuning>
  <ATSCTuning>
    <frequency>547250</frequency>
  </ATSCTuning>
  <ATSCTuning>
    <frequency>553250</frequency>
  </ATSCTuning>
  <ATSCTuning>
    <frequency>559250</frequency>
  </ATSCTuning>
  <ATSCTuning>
    <frequency>565250</frequency>
  </ATSCTuning>
  <ATSCTuning>
    <frequency>571250</frequency>
  </ATSCTuning>
  <ATSCTuning>
    <frequency>577250</frequency>
  </ATSCTuning>
  <ATSCTuning>
    <frequency>583250</frequency>
  </ATSCTuning>
  <ATSCTuning>
    <frequency>589250</frequency>
  </ATSCTuning>
  <ATSCTuning>
    <frequency>595250</frequency>
  </ATSCTuning>
  <ATSCTuning>
    <frequency>601250</frequency>
  </ATSCTuning>
  <ATSCTuning>
    <frequency>607250</frequency>
  </ATSCTuning>
  <ATSCTuning>
    <frequency>613250</frequency>
  </ATSCTuning>
  <ATSCTuning>
    <frequency>619250</frequency>
  </ATSCTuning>
  <ATSCTuning>
    <frequency>625250</frequency>
  </ATSCTuning>
  <ATSCTuning>
    <frequency>631250</frequency>
  </ATSCTuning>
  <ATSCTuning>
    <frequency>637250</frequency>
  </ATSCTuning>
  <ATSCTuning>
    <frequency>643250</frequency>
  </ATSCTuning>
  <ATSCTuning>
    <frequency>91250</frequency>
  </ATSCTuning>
  <ATSCTuning>
    <frequency>97250</frequency>
  </ATSCTuning>
  <ATSCTuning>
    <frequency>103250</frequency>
  </ATSCTuning>
  <ATSCTuning>
    <frequency>109250</frequency>
  </ATSCTuning>
  <ATSCTuning>
    <frequency>115250</frequency>
  </ATSCTuning>
  <ATSCTuning>
    <frequency>649250</frequency>
  </ATSCTuning>
  <ATSCTuning>
    <frequency>655250</frequency>
  </ATSCTuning>
  <ATSCTuning>
    <frequency>661250</frequency>
  </ATSCTuning>
  <ATSCTuning>
    <frequency>667250</frequency>
  </ATSCTuning>
  <ATSCTuning>
    <frequency>673250</frequency>
  </ATSCTuning>
  <ATSCTuning>
    <frequency>679250</frequency>
  </ATSCTuning>
  <ATSCTuning>
    <frequency>685250</frequency>
  </ATSCTuning>
  <ATSCTuning>
    <frequency>691250</frequency>
  </ATSCTuning>
  <ATSCTuning>
    <frequency>697250</frequency>
  </ATSCTuning>
  <ATSCTuning>
    <frequency>703250</frequency>
  </ATSCTuning>
  <ATSCTuning>
    <frequency>709250</frequency>
  </ATSCTuning>
  <ATSCTuning>
    <frequency>715250</frequency>
  </ATSCTuning>
  <ATSCTuning>
    <frequency>721250</frequency>
  </ATSCTuning>
  <ATSCTuning>
    <frequency>727250</frequency>
  </ATSCTuning>
  <ATSCTuning>
    <frequency>733250</frequency>
  </ATSCTuning>
  <ATSCTuning>
    <frequency>739250</frequency>
  </ATSCTuning>
  <ATSCTuning>
    <frequency>745250</frequency>
  </ATSCTuning>
  <ATSCTuning>
    <frequency>751250</frequency>
  </ATSCTuning>
  <ATSCTuning>
    <frequency>757250</frequency>
  </ATSCTuning>
  <ATSCTuning>
    <frequency>763250</frequency>
  </ATSCTuning>
  <ATSCTuning>
    <frequency>769250</frequency>
  </ATSCTuning>
  <ATSCTuning>
    <frequency>775250</frequency>
  </ATSCTuning>
  <ATSCTuning>
    <frequency>781250</frequency>
  </ATSCTuning>
  <ATSCTuning>
    <frequency>787250</frequency>
  </ATSCTuning>
  <ATSCTuning>
    <frequency>793250</frequency>
  </ATSCTuning>
  <ATSCTuning>
    <frequency>799250</frequency>
  </ATSCTuning>
  <ATSCTuning>
    <frequency>8250</frequency>
  </ATSCTuning>
  <ATSCTuning>
    <frequency>14250</frequency>
  </ATSCTuning>
  <ATSCTuning>
    <frequency>20250</frequency>
  </ATSCTuning>
  <ATSCTuning>
    <frequency>26250</frequency>
  </ATSCTuning>
  <ATSCTuning>
    <frequency>32250</frequency>
  </ATSCTuning>
  <ATSCTuning>
    <frequency>38250</frequency>
  </ATSCTuning>
  <ATSCTuning>
    <frequency>44250</frequency>
  </ATSCTuning>
  <ATSCTuning>
    <frequency>50250</frequency>
  </ATSCTuning>
</ArrayOfATSCTuning>