<?xml version="1.0" encoding="utf-8"?>
<ArrayOfATSCTuning xmlns:xsi="http://www.w3.org/2001/XMLSchema-instance" xmlns:xsd="http://www.w3.org/2001/XMLSchema">
  <ATSCTuning>
    <frequency>75000</frequency>
  </ATSCTuning>
  <ATSCTuning>
    <frequency>57000</frequency>
  </ATSCTuning>
  <ATSCTuning>
    <frequency>63000</frequency>
  </ATSCTuning>
  <ATSCTuning>
    <frequency>69000</frequency>
  </ATSCTuning>
  <ATSCTuning>
    <frequency>81000</frequency>
  </ATSCTuning>
  <ATSCTuning>
    <frequency>87000</frequency>
  </ATSCTuning>
  <ATSCTuning>
    <frequency>177000</frequency>
  </ATSCTuning>
  <ATSCTuning>
    <frequency>183000</frequency>
  </ATSCTuning>
  <ATSCTuning>
    <frequency>189000</frequency>
  </ATSCTuning>
  <ATSCTuning>
    <frequency>195000</frequency>
  </ATSCTuning>
  <ATSCTuning>
    <frequency>201000</frequency>
  </ATSCTuning>
  <ATSCTuning>
    <frequency>207000</frequency>
  </ATSCTuning>
  <ATSCTuning>
    <frequency>213000</frequency>
  </ATSCTuning>
  <ATSCTuning>
    <frequency>123000</frequency>
  </ATSCTuning>
  <ATSCTuning>
    <frequency>129000</frequency>
  </ATSCTuning>
  <ATSCTuning>
    <frequency>135000</frequency>
  </ATSCTuning>
  <ATSCTuning>
    <frequency>141000</frequency>
  </ATSCTuning>
  <ATSCTuning>
    <frequency>147000</frequency>
  </ATSCTuning>
  <ATSCTuning>
    <frequency>153000</frequency>
  </ATSCTuning>
  <ATSCTuning>
    <frequency>159000</frequency>
  </ATSCTuning>
  <ATSCTuning>
    <frequency>165000</frequency>
  </ATSCTuning>
  <ATSCTuning>
    <frequency>171000</frequency>
  </ATSCTuning>
  <ATSCTuning>
    <frequency>219000</frequency>
  </ATSCTuning>
  <ATSCTuning>
    <frequency>225000</frequency>
  </ATSCTuning>
  <ATSCTuning>
    <frequency>231000</frequency>
  </ATSCTuning>
  <ATSCTuning>
    <frequency>237000</frequency>
  </ATSCTuning>
  <ATSCTuning>
    <frequency>243000</frequency>
  </ATSCTuning>
  <ATSCTuning>
    <frequency>249000</frequency>
  </ATSCTuning>
  <ATSCTuning>
    <frequency>255000</frequency>
  </ATSCTuning>
  <ATSCTuning>
    <frequency>261000</frequency>
  </ATSCTuning>
  <ATSCTuning>
    <frequency>267000</frequency>
  </ATSCTuning>
  <ATSCTuning>
    <frequency>273000</frequency>
  </ATSCTuning>
  <ATSCTuning>
    <frequency>279000</frequency>
  </ATSCTuning>
  <ATSCTuning>
    <frequency>285000</frequency>
  </ATSCTuning>
  <ATSCTuning>
    <frequency>291000</frequency>
  </ATSCTuning>
  <ATSCTuning>
    <frequency>297000</frequency>
  </ATSCTuning>
  <ATSCTuning>
    <frequency>303000</frequency>
  </ATSCTuning>
  <ATSCTuning>
    <frequency>309000</frequency>
  </ATSCTuning>
  <ATSCTuning>
    <frequency>315000</frequency>
  </ATSCTuning>
  <ATSCTuning>
    <frequency>321000</frequency>
  </ATSCTuning>
  <ATSCTuning>
    <frequency>327000</frequency>
  </ATSCTuning>
  <ATSCTuning>
    <frequency>333000</frequency>
  </ATSCTuning>
  <ATSCTuning>
    <frequency>339000</frequency>
  </ATSCTuning>
  <ATSCTuning>
    <frequency>345000</frequency>
  </ATSCTuning>
  <ATSCTuning>
    <frequency>351000</frequency>
  </ATSCTuning>
  <ATSCTuning>
    <frequency>357000</frequency>
  </ATSCTuning>
  <ATSCTuning>
    <frequency>363000</frequency>
  </ATSCTuning>
  <ATSCTuning>
    <frequency>369000</frequency>
  </ATSCTuning>
  <ATSCTuning>
    <frequency>375000</frequency>
  </ATSCTuning>
  <ATSCTuning>
    <frequency>381000</frequency>
  </ATSCTuning>
  <ATSCTuning>
    <frequency>387000</frequency>
  </ATSCTuning>
  <ATSCTuning>
    <frequency>393000</frequency>
  </ATSCTuning>
  <ATSCTuning>
    <frequency>399000</frequency>
  </ATSCTuning>
  <ATSCTuning>
    <frequency>405000</frequency>
  </ATSCTuning>
  <ATSCTuning>
    <frequency>411000</frequency>
  </ATSCTuning>
  <ATSCTuning>
    <frequency>417000</frequency>
  </ATSCTuning>
  <ATSCTuning>
    <frequency>423000</frequency>
  </ATSCTuning>
  <ATSCTuning>
    <frequency>429000</frequency>
  </ATSCTuning>
  <ATSCTuning>
    <frequency>435000</frequency>
  </ATSCTuning>
  <ATSCTuning>
    <frequency>441000</frequency>
  </ATSCTuning>
  <ATSCTuning>
    <frequency>447000</frequency>
  </ATSCTuning>
  <ATSCTuning>
    <frequency>453000</frequency>
  </ATSCTuning>
  <ATSCTuning>
    <frequency>459000</frequency>
  </ATSCTuning>
  <ATSCTuning>
    <frequency>465000</frequency>
  </ATSCTuning>
  <ATSCTuning>
    <frequency>471000</frequency>
  </ATSCTuning>
  <ATSCTuning>
    <frequency>477000</frequency>
  </ATSCTuning>
  <ATSCTuning>
    <frequency>483000</frequency>
  </ATSCTuning>
  <ATSCTuning>
    <frequency>489000</frequency>
  </ATSCTuning>
  <ATSCTuning>
    <frequency>495000</frequency>
  </ATSCTuning>
  <ATSCTuning>
    <frequency>501000</frequency>
  </ATSCTuning>
  <ATSCTuning>
    <frequency>507000</frequency>
  </ATSCTuning>
  <ATSCTuning>
    <frequency>513000</frequency>
  </ATSCTuning>
  <ATSCTuning>
    <frequency>519000</frequency>
  </ATSCTuning>
  <ATSCTuning>
    <frequency>525000</frequency>
  </ATSCTuning>
  <ATSCTuning>
    <frequency>531000</frequency>
  </ATSCTuning>
  <ATSCTuning>
    <frequency>537000</frequency>
  </ATSCTuning>
  <ATSCTuning>
    <frequency>543000</frequency>
  </ATSCTuning>
  <ATSCTuning>
    <frequency>549000</frequency>
  </ATSCTuning>
  <ATSCTuning>
    <frequency>555000</frequency>
  </ATSCTuning>
  <ATSCTuning>
    <frequency>561000</frequency>
  </ATSCTuning>
  <ATSCTuning>
    <frequency>567000</frequency>
  </ATSCTuning>
  <ATSCTuning>
    <frequency>573000</frequency>
  </ATSCTuning>
  <ATSCTuning>
    <frequency>579000</frequency>
  </ATSCTuning>
  <ATSCTuning>
    <frequency>585000</frequency>
  </ATSCTuning>
  <ATSCTuning>
    <frequency>591000</frequency>
  </ATSCTuning>
  <ATSCTuning>
    <frequency>597000</frequency>
  </ATSCTuning>
  <ATSCTuning>
    <frequency>603000</frequency>
  </ATSCTuning>
  <ATSCTuning>
    <frequency>609000</frequency>
  </ATSCTuning>
  <ATSCTuning>
    <frequency>615000</frequency>
  </ATSCTuning>
  <ATSCTuning>
    <frequency>621000</frequency>
  </ATSCTuning>
  <ATSCTuning>
    <frequency>627000</frequency>
  </ATSCTuning>
  <ATSCTuning>
    <frequency>633000</frequency>
  </ATSCTuning>
  <ATSCTuning>
    <frequency>639000</frequency>
  </ATSCTuning>
  <ATSCTuning>
    <frequency>645000</frequency>
  </ATSCTuning>
  <ATSCTuning>
    <frequency>93000</frequency>
  </ATSCTuning>
  <ATSCTuning>
    <frequency>99000</frequency>
  </ATSCTuning>
  <ATSCTuning>
    <frequency>105000</frequency>
  </ATSCTuning>
  <ATSCTuning>
    <frequency>111000</frequency>
  </ATSCTuning>
  <ATSCTuning>
    <frequency>117000</frequency>
  </ATSCTuning>
  <ATSCTuning>
    <frequency>651000</frequency>
  </ATSCTuning>
  <ATSCTuning>
    <frequency>657000</frequency>
  </ATSCTuning>
  <ATSCTuning>
    <frequency>663000</frequency>
  </ATSCTuning>
  <ATSCTuning>
    <frequency>669000</frequency>
  </ATSCTuning>
  <ATSCTuning>
    <frequency>675000</frequency>
  </ATSCTuning>
  <ATSCTuning>
    <frequency>681000</frequency>
  </ATSCTuning>
  <ATSCTuning>
    <frequency>687000</frequency>
  </ATSCTuning>
  <ATSCTuning>
    <frequency>693000</frequency>
  </ATSCTuning>
  <ATSCTuning>
    <frequency>699000</frequency>
  </ATSCTuning>
  <ATSCTuning>
    <frequency>705000</frequency>
  </ATSCTuning>
  <ATSCTuning>
    <frequency>711000</frequency>
  </ATSCTuning>
  <ATSCTuning>
    <frequency>717000</frequency>
  </ATSCTuning>
  <ATSCTuning>
    <frequency>723000</frequency>
  </ATSCTuning>
  <ATSCTuning>
    <frequency>729000</frequency>
  </ATSCTuning>
  <ATSCTuning>
    <frequency>735000</frequency>
  </ATSCTuning>
  <ATSCTuning>
    <frequency>741000</frequency>
  </ATSCTuning>
  <ATSCTuning>
    <frequency>747000</frequency>
  </ATSCTuning>
  <ATSCTuning>
    <frequency>753000</frequency>
  </ATSCTuning>
  <ATSCTuning>
    <frequency>759000</frequency>
  </ATSCTuning>
  <ATSCTuning>
    <frequency>765000</frequency>
  </ATSCTuning>
  <ATSCTuning>
    <frequency>771000</frequency>
  </ATSCTuning>
  <ATSCTuning>
    <frequency>777000</frequency>
  </ATSCTuning>
  <ATSCTuning>
    <frequency>783000</frequency>
  </ATSCTuning>
  <ATSCTuning>
    <frequency>789000</frequency>
  </ATSCTuning>
  <ATSCTuning>
    <frequency>795000</frequency>
  </ATSCTuning>
  <ATSCTuning>
    <frequency>801000</frequency>
  </ATSCTuning>
  <ATSCTuning>
    <frequency>807000</frequency>
  </ATSCTuning>
  <ATSCTuning>
    <frequency>813000</frequency>
  </ATSCTuning>
  <ATSCTuning>
    <frequency>819000</frequency>
  </ATSCTuning>
  <ATSCTuning>
    <frequency>825000</frequency>
  </ATSCTuning>
  <ATSCTuning>
    <frequency>831000</frequency>
  </ATSCTuning>
  <ATSCTuning>
    <frequency>837000</frequency>
  </ATSCTuning>
  <ATSCTuning>
    <frequency>843000</frequency>
  </ATSCTuning>
  <ATSCTuning>
    <frequency>849000</frequency>
  </ATSCTuning>
  <ATSCTuning>
    <frequency>855000</frequency>
  </ATSCTuning>
  <ATSCTuning>
    <frequency>861000</frequency>
  </ATSCTuning>
</ArrayOfATSCTuning>