<?xml version="1.0" encoding="utf-8"?>
<ArrayOfATSCTuning xmlns:xsi="http://www.w3.org/2001/XMLSchema-instance" xmlns:xsd="http://www.w3.org/2001/XMLSchema">
  <ATSCTuning>
    <frequency>72000</frequency>
  </ATSCTuning>
  <ATSCTuning>
    <frequency>54000</frequency>
  </ATSCTuning>
  <ATSCTuning>
    <frequency>60000</frequency>
  </ATSCTuning>
  <ATSCTuning>
    <frequency>66000</frequency>
  </ATSCTuning>
  <ATSCTuning>
    <frequency>78000</frequency>
  </ATSCTuning>
  <ATSCTuning>
    <frequency>84000</frequency>
  </ATSCTuning>
  <ATSCTuning>
    <frequency>174000</frequency>
  </ATSCTuning>
  <ATSCTuning>
    <frequency>180000</frequency>
  </ATSCTuning>
  <ATSCTuning>
    <frequency>186000</frequency>
  </ATSCTuning>
  <ATSCTuning>
    <frequency>192000</frequency>
  </ATSCTuning>
  <ATSCTuning>
    <frequency>198000</frequency>
  </ATSCTuning>
  <ATSCTuning>
    <frequency>204000</frequency>
  </ATSCTuning>
  <ATSCTuning>
    <frequency>210000</frequency>
  </ATSCTuning>
  <ATSCTuning>
    <frequency>120000</frequency>
  </ATSCTuning>
  <ATSCTuning>
    <frequency>126000</frequency>
  </ATSCTuning>
  <ATSCTuning>
    <frequency>132000</frequency>
  </ATSCTuning>
  <ATSCTuning>
    <frequency>138000</frequency>
  </ATSCTuning>
  <ATSCTuning>
    <frequency>144000</frequency>
  </ATSCTuning>
  <ATSCTuning>
    <frequency>150000</frequency>
  </ATSCTuning>
  <ATSCTuning>
    <frequency>156000</frequency>
  </ATSCTuning>
  <ATSCTuning>
    <frequency>162000</frequency>
  </ATSCTuning>
  <ATSCTuning>
    <frequency>168000</frequency>
  </ATSCTuning>
  <ATSCTuning>
    <frequency>216000</frequency>
  </ATSCTuning>
  <ATSCTuning>
    <frequency>222000</frequency>
  </ATSCTuning>
  <ATSCTuning>
    <frequency>228000</frequency>
  </ATSCTuning>
  <ATSCTuning>
    <frequency>234000</frequency>
  </ATSCTuning>
  <ATSCTuning>
    <frequency>240000</frequency>
  </ATSCTuning>
  <ATSCTuning>
    <frequency>246000</frequency>
  </ATSCTuning>
  <ATSCTuning>
    <frequency>252000</frequency>
  </ATSCTuning>
  <ATSCTuning>
    <frequency>258000</frequency>
  </ATSCTuning>
  <ATSCTuning>
    <frequency>264000</frequency>
  </ATSCTuning>
  <ATSCTuning>
    <frequency>270000</frequency>
  </ATSCTuning>
  <ATSCTuning>
    <frequency>276000</frequency>
  </ATSCTuning>
  <ATSCTuning>
    <frequency>282000</frequency>
  </ATSCTuning>
  <ATSCTuning>
    <frequency>288000</frequency>
  </ATSCTuning>
  <ATSCTuning>
    <frequency>294000</frequency>
  </ATSCTuning>
  <ATSCTuning>
    <frequency>300000</frequency>
  </ATSCTuning>
  <ATSCTuning>
    <frequency>306000</frequency>
  </ATSCTuning>
  <ATSCTuning>
    <frequency>312000</frequency>
  </ATSCTuning>
  <ATSCTuning>
    <frequency>318000</frequency>
  </ATSCTuning>
  <ATSCTuning>
    <frequency>324000</frequency>
  </ATSCTuning>
  <ATSCTuning>
    <frequency>330000</frequency>
  </ATSCTuning>
  <ATSCTuning>
    <frequency>336000</frequency>
  </ATSCTuning>
  <ATSCTuning>
    <frequency>342000</frequency>
  </ATSCTuning>
  <ATSCTuning>
    <frequency>348000</frequency>
  </ATSCTuning>
  <ATSCTuning>
    <frequency>354000</frequency>
  </ATSCTuning>
  <ATSCTuning>
    <frequency>360000</frequency>
  </ATSCTuning>
  <ATSCTuning>
    <frequency>366000</frequency>
  </ATSCTuning>
  <ATSCTuning>
    <frequency>372000</frequency>
  </ATSCTuning>
  <ATSCTuning>
    <frequency>378000</frequency>
  </ATSCTuning>
  <ATSCTuning>
    <frequency>384000</frequency>
  </ATSCTuning>
  <ATSCTuning>
    <frequency>390000</frequency>
  </ATSCTuning>
  <ATSCTuning>
    <frequency>396000</frequency>
  </ATSCTuning>
  <ATSCTuning>
    <frequency>402000</frequency>
  </ATSCTuning>
  <ATSCTuning>
    <frequency>408000</frequency>
  </ATSCTuning>
  <ATSCTuning>
    <frequency>414000</frequency>
  </ATSCTuning>
  <ATSCTuning>
    <frequency>420000</frequency>
  </ATSCTuning>
  <ATSCTuning>
    <frequency>426000</frequency>
  </ATSCTuning>
  <ATSCTuning>
    <frequency>432000</frequency>
  </ATSCTuning>
  <ATSCTuning>
    <frequency>438000</frequency>
  </ATSCTuning>
  <ATSCTuning>
    <frequency>444000</frequency>
  </ATSCTuning>
  <ATSCTuning>
    <frequency>450000</frequency>
  </ATSCTuning>
  <ATSCTuning>
    <frequency>456000</frequency>
  </ATSCTuning>
  <ATSCTuning>
    <frequency>462000</frequency>
  </ATSCTuning>
  <ATSCTuning>
    <frequency>468000</frequency>
  </ATSCTuning>
  <ATSCTuning>
    <frequency>474000</frequency>
  </ATSCTuning>
  <ATSCTuning>
    <frequency>480000</frequency>
  </ATSCTuning>
  <ATSCTuning>
    <frequency>486000</frequency>
  </ATSCTuning>
  <ATSCTuning>
    <frequency>492000</frequency>
  </ATSCTuning>
  <ATSCTuning>
    <frequency>498000</frequency>
  </ATSCTuning>
  <ATSCTuning>
    <frequency>504000</frequency>
  </ATSCTuning>
  <ATSCTuning>
    <frequency>510000</frequency>
  </ATSCTuning>
  <ATSCTuning>
    <frequency>516000</frequency>
  </ATSCTuning>
  <ATSCTuning>
    <frequency>522000</frequency>
  </ATSCTuning>
  <ATSCTuning>
    <frequency>528000</frequency>
  </ATSCTuning>
  <ATSCTuning>
    <frequency>534000</frequency>
  </ATSCTuning>
  <ATSCTuning>
    <frequency>540000</frequency>
  </ATSCTuning>
  <ATSCTuning>
    <frequency>546000</frequency>
  </ATSCTuning>
  <ATSCTuning>
    <frequency>552000</frequency>
  </ATSCTuning>
  <ATSCTuning>
    <frequency>558000</frequency>
  </ATSCTuning>
  <ATSCTuning>
    <frequency>564000</frequency>
  </ATSCTuning>
  <ATSCTuning>
    <frequency>570000</frequency>
  </ATSCTuning>
  <ATSCTuning>
    <frequency>576000</frequency>
  </ATSCTuning>
  <ATSCTuning>
    <frequency>582000</frequency>
  </ATSCTuning>
  <ATSCTuning>
    <frequency>588000</frequency>
  </ATSCTuning>
  <ATSCTuning>
    <frequency>594000</frequency>
  </ATSCTuning>
  <ATSCTuning>
    <frequency>600000</frequency>
  </ATSCTuning>
  <ATSCTuning>
    <frequency>606000</frequency>
  </ATSCTuning>
  <ATSCTuning>
    <frequency>612000</frequency>
  </ATSCTuning>
  <ATSCTuning>
    <frequency>618000</frequency>
  </ATSCTuning>
  <ATSCTuning>
    <frequency>624000</frequency>
  </ATSCTuning>
  <ATSCTuning>
    <frequency>630000</frequency>
  </ATSCTuning>
  <ATSCTuning>
    <frequency>636000</frequency>
  </ATSCTuning>
  <ATSCTuning>
    <frequency>642000</frequency>
  </ATSCTuning>
  <ATSCTuning>
    <frequency>90000</frequency>
  </ATSCTuning>
  <ATSCTuning>
    <frequency>96000</frequency>
  </ATSCTuning>
  <ATSCTuning>
    <frequency>102000</frequency>
  </ATSCTuning>
  <ATSCTuning>
    <frequency>108000</frequency>
  </ATSCTuning>
  <ATSCTuning>
    <frequency>114000</frequency>
  </ATSCTuning>
  <ATSCTuning>
    <frequency>648000</frequency>
  </ATSCTuning>
  <ATSCTuning>
    <frequency>654000</frequency>
  </ATSCTuning>
  <ATSCTuning>
    <frequency>660000</frequency>
  </ATSCTuning>
  <ATSCTuning>
    <frequency>666000</frequency>
  </ATSCTuning>
  <ATSCTuning>
    <frequency>672000</frequency>
  </ATSCTuning>
  <ATSCTuning>
    <frequency>678000</frequency>
  </ATSCTuning>
  <ATSCTuning>
    <frequency>684000</frequency>
  </ATSCTuning>
  <ATSCTuning>
    <frequency>690000</frequency>
  </ATSCTuning>
  <ATSCTuning>
    <frequency>696000</frequency>
  </ATSCTuning>
  <ATSCTuning>
    <frequency>702000</frequency>
  </ATSCTuning>
  <ATSCTuning>
    <frequency>708000</frequency>
  </ATSCTuning>
  <ATSCTuning>
    <frequency>714000</frequency>
  </ATSCTuning>
  <ATSCTuning>
    <frequency>720000</frequency>
  </ATSCTuning>
  <ATSCTuning>
    <frequency>726000</frequency>
  </ATSCTuning>
  <ATSCTuning>
    <frequency>732000</frequency>
  </ATSCTuning>
  <ATSCTuning>
    <frequency>738000</frequency>
  </ATSCTuning>
  <ATSCTuning>
    <frequency>744000</frequency>
  </ATSCTuning>
  <ATSCTuning>
    <frequency>750000</frequency>
  </ATSCTuning>
  <ATSCTuning>
    <frequency>756000</frequency>
  </ATSCTuning>
  <ATSCTuning>
    <frequency>762000</frequency>
  </ATSCTuning>
  <ATSCTuning>
    <frequency>768000</frequency>
  </ATSCTuning>
  <ATSCTuning>
    <frequency>774000</frequency>
  </ATSCTuning>
  <ATSCTuning>
    <frequency>780000</frequency>
  </ATSCTuning>
  <ATSCTuning>
    <frequency>786000</frequency>
  </ATSCTuning>
  <ATSCTuning>
    <frequency>792000</frequency>
  </ATSCTuning>
  <ATSCTuning>
    <frequency>798000</frequency>
  </ATSCTuning>
  <ATSCTuning>
    <frequency>804000</frequency>
  </ATSCTuning>
  <ATSCTuning>
    <frequency>810000</frequency>
  </ATSCTuning>
  <ATSCTuning>
    <frequency>816000</frequency>
  </ATSCTuning>
  <ATSCTuning>
    <frequency>822000</frequency>
  </ATSCTuning>
  <ATSCTuning>
    <frequency>828000</frequency>
  </ATSCTuning>
  <ATSCTuning>
    <frequency>834000</frequency>
  </ATSCTuning>
  <ATSCTuning>
    <frequency>840000</frequency>
  </ATSCTuning>
  <ATSCTuning>
    <frequency>846000</frequency>
  </ATSCTuning>
  <ATSCTuning>
    <frequency>852000</frequency>
  </ATSCTuning>
  <ATSCTuning>
    <frequency>858000</frequency>
  </ATSCTuning>
</ArrayOfATSCTuning>