Count;;;N NI;;;Count of objects available in this stream
StreamCount;;;N NI;;;Count of streams of that kind available
StreamKind;Menu;;N NI;;;Stream type name
StreamKind/String;;;N NI;;;Stream type name
StreamKindID;;;N NI;;;Number of the stream (base=0)
StreamKindPos;;;N NI;;;When multiple streams, number of the stream (base=1)
Inform;;;N NT;;;Last **Inform** call
ID;;;N YI;;;A ID for this stream in this file
ID/String;;;Y NT;;;A ID for this stream in this file
UniqueID;;;N YI;;;A unique ID for this stream, should be copied with stream copy
MenuID;;;N YI;;;A menu ID for this stream in this file
MenuID/String;;;Y NT;;;A menu ID for this stream in this file
Format;;;Y YT;;;Format used
Format/Info;;;Y NT;;;Info about Format
Format/Url;;;N NT;;;Link
Codec;;;N YT;;;Deprecated
Codec/String;;;N NT;;;Deprecated;;
Codec/Info;;;N NT;;;Deprecated;;
Codec/Url;;;N NT;;;Deprecated;;
List_StreamKind;;;N YT;;;List of programs available;;
List_StreamPos;;;N YT;;;List of programs available;;
List;;;N YT;;;List of programs available;;
List/String;;;Y NT;;;;;
Title;;;Y YI;;;Name of this menu;;
Language;;;N YT;;;Language (2-letter ISO 639-1 if exists, else 3-letter ISO 639-2, and with optional ISO 3166-1 country separated by a dash if available, e.g. en, en-us, zh-cn);;
Language/String;;;Y NT;;;Language (full);;
Language_More;;;Y YT;;;More info about Language (e.g. Director's Comment);;
ServiceName;;;Y YT;;;;;Legal
ServiceChannel;;;Y YT;;;;;Legal
Service/Url;;;Y YT;;;;;Legal
ServiceProvider;;;Y YT;;;;;Legal
ServiceProviderr/Url;;;Y YT;;;;;Legal
ServiceType;;;Y YT;;;;;Legal
