<?xml version="1.0" encoding="utf-8"?>
<ArrayOfDVBTTuning xmlns:xsi="http://www.w3.org/2001/XMLSchema-instance" xmlns:xsd="http://www.w3.org/2001/XMLSchema">
  <DVBTTuning>
    <Frequency>550500</Frequency>
    <Bandwidth>7000</Bandwidth>
    <Offset>125</Offset>
    <CellId>0</CellId>
    <CellIdExtension>0</CellIdExtension>
    <IsDvbT2>false</IsDvbT2>
  </DVBTTuning>
  <DVBTTuning>
    <Frequency>585500</Frequency>
    <Bandwidth>7000</Bandwidth>
    <Offset>125</Offset>
    <CellId>0</CellId>
    <CellIdExtension>0</CellIdExtension>
    <IsDvbT2>false</IsDvbT2>
  </DVBTTuning>
  <DVBTTuning>
    <Frequency>592500</Frequency>
    <Bandwidth>7000</Bandwidth>
    <Offset>125</Offset>
    <CellId>0</CellId>
    <CellIdExtension>0</CellIdExtension>
    <IsDvbT2>false</IsDvbT2>
  </DVBTTuning>
  <DVBTTuning>
    <Frequency>599500</Frequency>
    <Bandwidth>7000</Bandwidth>
    <Offset>125</Offset>
    <CellId>0</CellId>
    <CellIdExtension>0</CellIdExtension>
    <IsDvbT2>false</IsDvbT2>
  </DVBTTuning>
  <DVBTTuning>
    <Frequency>620500</Frequency>
    <Bandwidth>7000</Bandwidth>
    <Offset>125</Offset>
    <CellId>0</CellId>
    <CellIdExtension>0</CellIdExtension>
    <IsDvbT2>false</IsDvbT2>
  </DVBTTuning>
  <DVBTTuning>
    <Frequency>690500</Frequency>
    <Bandwidth>7000</Bandwidth>
    <Offset>125</Offset>
    <CellId>0</CellId>
    <CellIdExtension>0</CellIdExtension>
    <IsDvbT2>false</IsDvbT2>
  </DVBTTuning>
  <DVBTTuning>
    <Frequency>711500</Frequency>
    <Bandwidth>7000</Bandwidth>
    <Offset>125</Offset>
    <CellId>0</CellId>
    <CellIdExtension>0</CellIdExtension>
    <IsDvbT2>false</IsDvbT2>
  </DVBTTuning>
  <DVBTTuning>
    <Frequency>732500</Frequency>
    <Bandwidth>7000</Bandwidth>
    <Offset>125</Offset>
    <CellId>0</CellId>
    <CellIdExtension>0</CellIdExtension>
    <IsDvbT2>false</IsDvbT2>
  </DVBTTuning>
  <DVBTTuning>
    <Frequency>753500</Frequency>
    <Bandwidth>7000</Bandwidth>
    <Offset>125</Offset>
    <CellId>0</CellId>
    <CellIdExtension>0</CellIdExtension>
    <IsDvbT2>false</IsDvbT2>
  </DVBTTuning>
  <DVBTTuning>
    <Frequency>774500</Frequency>
    <Bandwidth>7000</Bandwidth>
    <Offset>125</Offset>
    <CellId>0</CellId>
    <CellIdExtension>0</CellIdExtension>
    <IsDvbT2>false</IsDvbT2>
  </DVBTTuning>
</ArrayOfDVBTTuning>