<?xml version="1.0" encoding="utf-8"?>
<ArrayOfDVBTTuning xmlns:xsi="http://www.w3.org/2001/XMLSchema-instance" xmlns:xsd="http://www.w3.org/2001/XMLSchema">
  <DVBTTuning>
    <Frequency>474000</Frequency>
    <Bandwidth>8000</Bandwidth>
    <Offset>125</Offset>
    <CellId>0</CellId>
    <CellIdExtension>0</CellIdExtension>
    <IsDvbT2>false</IsDvbT2>
  </DVBTTuning>
  <DVBTTuning>
    <Frequency>490000</Frequency>
    <Bandwidth>8000</Bandwidth>
    <Offset>125</Offset>
    <CellId>0</CellId>
    <CellIdExtension>0</CellIdExtension>
    <IsDvbT2>false</IsDvbT2>
  </DVBTTuning>
  <DVBTTuning>
    <Frequency>498000</Frequency>
    <Bandwidth>8000</Bandwidth>
    <Offset>125</Offset>
    <CellId>0</CellId>
    <CellIdExtension>0</CellIdExtension>
    <IsDvbT2>false</IsDvbT2>
  </DVBTTuning>
  <DVBTTuning>
    <Frequency>522000</Frequency>
    <Bandwidth>8000</Bandwidth>
    <Offset>125</Offset>
    <CellId>0</CellId>
    <CellIdExtension>0</CellIdExtension>
    <IsDvbT2>false</IsDvbT2>
  </DVBTTuning>
  <DVBTTuning>
    <Frequency>562000</Frequency>
    <Bandwidth>8000</Bandwidth>
    <Offset>125</Offset>
    <CellId>0</CellId>
    <CellIdExtension>0</CellIdExtension>
    <IsDvbT2>false</IsDvbT2>
  </DVBTTuning>
  <DVBTTuning>
    <Frequency>578000</Frequency>
    <Bandwidth>8000</Bandwidth>
    <Offset>125</Offset>
    <CellId>0</CellId>
    <CellIdExtension>0</CellIdExtension>
    <IsDvbT2>false</IsDvbT2>
  </DVBTTuning>
  <DVBTTuning>
    <Frequency>634000</Frequency>
    <Bandwidth>8000</Bandwidth>
    <Offset>125</Offset>
    <CellId>0</CellId>
    <CellIdExtension>0</CellIdExtension>
    <IsDvbT2>false</IsDvbT2>
  </DVBTTuning>
  <DVBTTuning>
    <Frequency>650000</Frequency>
    <Bandwidth>8000</Bandwidth>
    <Offset>125</Offset>
    <CellId>0</CellId>
    <CellIdExtension>0</CellIdExtension>
    <IsDvbT2>false</IsDvbT2>
  </DVBTTuning>
  <DVBTTuning>
    <Frequency>698000</Frequency>
    <Bandwidth>8000</Bandwidth>
    <Offset>125</Offset>
    <CellId>0</CellId>
    <CellIdExtension>0</CellIdExtension>
    <IsDvbT2>false</IsDvbT2>
  </DVBTTuning>
  <DVBTTuning>
    <Frequency>754000</Frequency>
    <Bandwidth>8000</Bandwidth>
    <Offset>125</Offset>
    <CellId>0</CellId>
    <CellIdExtension>0</CellIdExtension>
    <IsDvbT2>false</IsDvbT2>
  </DVBTTuning>
  <DVBTTuning>
    <Frequency>802000</Frequency>
    <Bandwidth>8000</Bandwidth>
    <Offset>125</Offset>
    <CellId>0</CellId>
    <CellIdExtension>0</CellIdExtension>
    <IsDvbT2>false</IsDvbT2>
  </DVBTTuning>
  <DVBTTuning>
    <Frequency>858000</Frequency>
    <Bandwidth>8000</Bandwidth>
    <Offset>125</Offset>
    <CellId>0</CellId>
    <CellIdExtension>0</CellIdExtension>
    <IsDvbT2>false</IsDvbT2>
  </DVBTTuning>
</ArrayOfDVBTTuning>