<?xml version="1.0" encoding="utf-8"?>
<ArrayOfDVBTTuning xmlns:xsi="http://www.w3.org/2001/XMLSchema-instance" xmlns:xsd="http://www.w3.org/2001/XMLSchema">
  <DVBTTuning>
    <Frequency>543500</Frequency>
    <Bandwidth>7000</Bandwidth>
    <Offset>125</Offset>
    <CellId>0</CellId>
    <CellIdExtension>0</CellIdExtension>
    <IsDvbT2>false</IsDvbT2>
  </DVBTTuning>
  <DVBTTuning>
    <Frequency>564500</Frequency>
    <Bandwidth>7000</Bandwidth>
    <Offset>125</Offset>
    <CellId>0</CellId>
    <CellIdExtension>0</CellIdExtension>
    <IsDvbT2>false</IsDvbT2>
  </DVBTTuning>
  <DVBTTuning>
    <Frequency>571500</Frequency>
    <Bandwidth>7000</Bandwidth>
    <Offset>125</Offset>
    <CellId>0</CellId>
    <CellIdExtension>0</CellIdExtension>
    <IsDvbT2>false</IsDvbT2>
  </DVBTTuning>
  <DVBTTuning>
    <Frequency>648500</Frequency>
    <Bandwidth>7000</Bandwidth>
    <Offset>125</Offset>
    <CellId>0</CellId>
    <CellIdExtension>0</CellIdExtension>
    <IsDvbT2>false</IsDvbT2>
  </DVBTTuning>
  <DVBTTuning>
    <Frequency>669500</Frequency>
    <Bandwidth>7000</Bandwidth>
    <Offset>125</Offset>
    <CellId>0</CellId>
    <CellIdExtension>0</CellIdExtension>
    <IsDvbT2>false</IsDvbT2>
  </DVBTTuning>
</ArrayOfDVBTTuning>