<?xml version="1.0" encoding="utf-8"?>
<ArrayOfDVBTTuning xmlns:xsi="http://www.w3.org/2001/XMLSchema-instance" xmlns:xsd="http://www.w3.org/2001/XMLSchema">
  <DVBTTuning>
    <Frequency>514000</Frequency>
    <Bandwidth>8000</Bandwidth>
  </DVBTTuning>
  <DVBTTuning>
    <Frequency>618000</Frequency>
    <Bandwidth>8000</Bandwidth>
  </DVBTTuning>
  <DVBTTuning>
    <Frequency>642000</Frequency>
    <Bandwidth>8000</Bandwidth>
  </DVBTTuning>
  <DVBTTuning>
    <Frequency>802000</Frequency>
    <Bandwidth>8000</Bandwidth>
  </DVBTTuning>
  <DVBTTuning>
    <Frequency>818000</Frequency>
    <Bandwidth>8000</Bandwidth>
  </DVBTTuning>
  <DVBTTuning>
    <Frequency>834000</Frequency>
    <Bandwidth>8000</Bandwidth>
  </DVBTTuning>
  <DVBTTuning>
    <Frequency>842000</Frequency>
    <Bandwidth>8000</Bandwidth>
  </DVBTTuning>
  <DVBTTuning>
    <Frequency>850000</Frequency>
    <Bandwidth>8000</Bandwidth>
  </DVBTTuning>
  <DVBTTuning>
    <Frequency>858000</Frequency>
    <Bandwidth>8000</Bandwidth>
  </DVBTTuning>
</ArrayOfDVBTTuning>