<?xml version="1.0" encoding="utf-8"?>
<ArrayOfDVBTTuning xmlns:xsi="http://www.w3.org/2001/XMLSchema-instance" xmlns:xsd="http://www.w3.org/2001/XMLSchema">
  <DVBTTuning>
    <Frequency>586000</Frequency>
    <Bandwidth>8000</Bandwidth>
  </DVBTTuning>
  <DVBTTuning>
    <Frequency>594000</Frequency>
    <Bandwidth>8000</Bandwidth>
  </DVBTTuning>
  <DVBTTuning>
    <Frequency>714000</Frequency>
    <Bandwidth>8000</Bandwidth>
  </DVBTTuning>
  <DVBTTuning>
    <Frequency>738000</Frequency>
    <Bandwidth>8000</Bandwidth>
  </DVBTTuning>
  <DVBTTuning>
    <Frequency>762000</Frequency>
    <Bandwidth>8000</Bandwidth>
  </DVBTTuning>
  <DVBTTuning>
    <Frequency>778000</Frequency>
    <Bandwidth>8000</Bandwidth>
  </DVBTTuning>
  <DVBTTuning>
    <Frequency>802000</Frequency>
    <Bandwidth>8000</Bandwidth>
  </DVBTTuning>
  <DVBTTuning>
    <Frequency>818000</Frequency>
    <Bandwidth>8000</Bandwidth>
  </DVBTTuning>
  <DVBTTuning>
    <Frequency>834000</Frequency>
    <Bandwidth>8000</Bandwidth>
  </DVBTTuning>
  <DVBTTuning>
    <Frequency>842000</Frequency>
    <Bandwidth>8000</Bandwidth>
  </DVBTTuning>
  <DVBTTuning>
    <Frequency>850000</Frequency>
    <Bandwidth>8000</Bandwidth>
  </DVBTTuning>
  <DVBTTuning>
    <Frequency>858000</Frequency>
    <Bandwidth>8000</Bandwidth>
  </DVBTTuning>
</ArrayOfDVBTTuning>