<?xml version="1.0" encoding="utf-8"?>
<ArrayOfDVBTTuning xmlns:xsi="http://www.w3.org/2001/XMLSchema-instance" xmlns:xsd="http://www.w3.org/2001/XMLSchema">
  <DVBTTuning>
    <Frequency>514000</Frequency>
    <Bandwidth>8000</Bandwidth>
  </DVBTTuning>
  <DVBTTuning>
    <Frequency>522000</Frequency>
    <Bandwidth>8000</Bandwidth>
  </DVBTTuning>
  <DVBTTuning>
    <Frequency>554000</Frequency>
    <Bandwidth>8000</Bandwidth>
  </DVBTTuning>
  <DVBTTuning>
    <Frequency>570000</Frequency>
    <Bandwidth>8000</Bandwidth>
  </DVBTTuning>
  <DVBTTuning>
    <Frequency>578000</Frequency>
    <Bandwidth>8000</Bandwidth>
  </DVBTTuning>
  <DVBTTuning>
    <Frequency>594000</Frequency>
    <Bandwidth>8000</Bandwidth>
  </DVBTTuning>
  <DVBTTuning>
    <Frequency>618000</Frequency>
    <Bandwidth>8000</Bandwidth>
  </DVBTTuning>
  <DVBTTuning>
    <Frequency>658000</Frequency>
    <Bandwidth>8000</Bandwidth>
  </DVBTTuning>
  <DVBTTuning>
    <Frequency>666000</Frequency>
    <Bandwidth>8000</Bandwidth>
  </DVBTTuning>
  <DVBTTuning>
    <Frequency>674000</Frequency>
    <Bandwidth>8000</Bandwidth>
  </DVBTTuning>
  <DVBTTuning>
    <Frequency>682000</Frequency>
    <Bandwidth>8000</Bandwidth>
  </DVBTTuning>
  <DVBTTuning>
    <Frequency>690000</Frequency>
    <Bandwidth>8000</Bandwidth>
  </DVBTTuning>
  <DVBTTuning>
    <Frequency>794000</Frequency>
    <Bandwidth>8000</Bandwidth>
  </DVBTTuning>
  <DVBTTuning>
    <Frequency>818000</Frequency>
    <Bandwidth>8000</Bandwidth>
  </DVBTTuning>
  <DVBTTuning>
    <Frequency>834000</Frequency>
    <Bandwidth>8000</Bandwidth>
  </DVBTTuning>
  <DVBTTuning>
    <Frequency>842000</Frequency>
    <Bandwidth>8000</Bandwidth>
  </DVBTTuning>
  <DVBTTuning>
    <Frequency>850000</Frequency>
    <Bandwidth>8000</Bandwidth>
  </DVBTTuning>
  <DVBTTuning>
    <Frequency>858000</Frequency>
    <Bandwidth>8000</Bandwidth>
  </DVBTTuning>
</ArrayOfDVBTTuning>