<?xml version="1.0" encoding="utf-8"?>
<ArrayOfDVBTTuning xmlns:xsi="http://www.w3.org/2001/XMLSchema-instance" xmlns:xsd="http://www.w3.org/2001/XMLSchema">
  <DVBTTuning>
    <Frequency>530000</Frequency>
    <Bandwidth>8000</Bandwidth>
    <Offset>125</Offset>
    <CellId>0</CellId>
    <CellIdExtension>0</CellIdExtension>
    <IsDvbT2>false</IsDvbT2>
  </DVBTTuning>
  <DVBTTuning>
    <Frequency>634000</Frequency>
    <Bandwidth>8000</Bandwidth>
    <Offset>125</Offset>
    <CellId>0</CellId>
    <CellIdExtension>0</CellIdExtension>
    <IsDvbT2>false</IsDvbT2>
  </DVBTTuning>
</ArrayOfDVBTTuning>