<?xml version="1.0" encoding="utf-8"?>
<ArrayOfDVBTTuning xmlns:xsi="http://www.w3.org/2001/XMLSchema-instance" xmlns:xsd="http://www.w3.org/2001/XMLSchema">
  <DVBTTuning>
    <Frequency>490000</Frequency>
    <Bandwidth>8000</Bandwidth>
    <Offset>166</Offset>
    <CellId>0</CellId>
    <CellIdExtension>0</CellIdExtension>
    <IsDvbT2>false</IsDvbT2>
  </DVBTTuning>
  <DVBTTuning>
    <Frequency>514000</Frequency>
    <Bandwidth>8000</Bandwidth>
    <Offset>166</Offset>
    <CellId>0</CellId>
    <CellIdExtension>0</CellIdExtension>
    <IsDvbT2>false</IsDvbT2>
  </DVBTTuning>
  <DVBTTuning>
    <Frequency>578000</Frequency>
    <Bandwidth>8000</Bandwidth>
    <Offset>166</Offset>
    <CellId>0</CellId>
    <CellIdExtension>0</CellIdExtension>
    <IsDvbT2>false</IsDvbT2>
  </DVBTTuning>
  <DVBTTuning>
    <Frequency>642000</Frequency>
    <Bandwidth>8000</Bandwidth>
    <Offset>166</Offset>
    <CellId>0</CellId>
    <CellIdExtension>0</CellIdExtension>
    <IsDvbT2>false</IsDvbT2>
  </DVBTTuning>
  <DVBTTuning>
    <Frequency>690000</Frequency>
    <Bandwidth>8000</Bandwidth>
    <Offset>166</Offset>
    <CellId>0</CellId>
    <CellIdExtension>0</CellIdExtension>
    <IsDvbT2>false</IsDvbT2>
  </DVBTTuning>
  <DVBTTuning>
    <Frequency>730000</Frequency>
    <Bandwidth>8000</Bandwidth>
    <Offset>166</Offset>
    <CellId>0</CellId>
    <CellIdExtension>0</CellIdExtension>
    <IsDvbT2>false</IsDvbT2>
  </DVBTTuning>
</ArrayOfDVBTTuning>