<?xml version="1.0" encoding="utf-8"?>
<ArrayOfDVBCTuning xmlns:xsi="http://www.w3.org/2001/XMLSchema-instance" xmlns:xsd="http://www.w3.org/2001/XMLSchema">
	<DVBCTuning>
		<Frequency>346000</Frequency>
		<ModulationType>Mod64Qam</ModulationType>
		<SymbolRate>6900</SymbolRate>
	</DVBCTuning>
	<DVBCTuning>
		<Frequency>306000</Frequency>
		<ModulationType>Mod256Qam</ModulationType>
		<SymbolRate>6900</SymbolRate>
	</DVBCTuning>
	<DVBCTuning>
		<Frequency>314000</Frequency>
		<ModulationType>Mod256Qam</ModulationType>
		<SymbolRate>6900</SymbolRate>
	</DVBCTuning>
	<DVBCTuning>
		<Frequency>322000</Frequency>
		<ModulationType>Mod256Qam</ModulationType>
		<SymbolRate>6900</SymbolRate>
	</DVBCTuning>
	<DVBCTuning>
		<Frequency>330000</Frequency>
		<ModulationType>Mod256Qam</ModulationType>
		<SymbolRate>6900</SymbolRate>
	</DVBCTuning>
	<DVBCTuning>
		<Frequency>338000</Frequency>
		<ModulationType>Mod256Qam</ModulationType>
		<SymbolRate>6900</SymbolRate>
	</DVBCTuning>
	<DVBCTuning>
		<Frequency>346000</Frequency>
		<ModulationType>Mod256Qam</ModulationType>
		<SymbolRate>6900</SymbolRate>
	</DVBCTuning>
</ArrayOfDVBCTuning>
