<?xml version="1.0" encoding="utf-8"?>
<ArrayOfDVBCTuning xmlns:xsi="http://www.w3.org/2001/XMLSchema-instance" xmlns:xsd="http://www.w3.org/2001/XMLSchema">
  <DVBCTuning>
    <Frequency>146000</Frequency>
    <ModulationType>Mod128Qam</ModulationType>
    <SymbolRate>6900</SymbolRate>
  </DVBCTuning>
  <DVBCTuning>
    <Frequency>410000</Frequency>
    <ModulationType>Mod128Qam</ModulationType>
    <SymbolRate>6900</SymbolRate>
  </DVBCTuning>
  <DVBCTuning>
    <Frequency>418000</Frequency>
    <ModulationType>Mod128Qam</ModulationType>
    <SymbolRate>6900</SymbolRate>
  </DVBCTuning>
  <DVBCTuning>
    <Frequency>378000</Frequency>
    <ModulationType>Mod128Qam</ModulationType>
    <SymbolRate>6900</SymbolRate>
  </DVBCTuning>
  <DVBCTuning>
    <Frequency>386000</Frequency>
    <ModulationType>Mod128Qam</ModulationType>
    <SymbolRate>6900</SymbolRate>
  </DVBCTuning>
  <DVBCTuning>
    <Frequency>394000</Frequency>
    <ModulationType>Mod128Qam</ModulationType>
    <SymbolRate>6900</SymbolRate>
  </DVBCTuning>
  <DVBCTuning>
    <Frequency>402000</Frequency>
    <ModulationType>Mod128Qam</ModulationType>
    <SymbolRate>6900</SymbolRate>
  </DVBCTuning>
  <DVBCTuning>
    <Frequency>346000</Frequency>
    <ModulationType>Mod128Qam</ModulationType>
    <SymbolRate>6900</SymbolRate>
  </DVBCTuning>
  <DVBCTuning>
    <Frequency>306000</Frequency>
    <ModulationType>Mod128Qam</ModulationType>
    <SymbolRate>6900</SymbolRate>
  </DVBCTuning>
  <DVBCTuning>
    <Frequency>354000</Frequency>
    <ModulationType>Mod128Qam</ModulationType>
    <SymbolRate>6900</SymbolRate>
  </DVBCTuning>
  <DVBCTuning>
    <Frequency>370000</Frequency>
    <ModulationType>Mod128Qam</ModulationType>
    <SymbolRate>6900</SymbolRate>
  </DVBCTuning>
  <DVBCTuning>
    <Frequency>314000</Frequency>
    <ModulationType>Mod128Qam</ModulationType>
    <SymbolRate>6900</SymbolRate>
  </DVBCTuning>
  <DVBCTuning>
    <Frequency>322000</Frequency>
    <ModulationType>Mod256Qam</ModulationType>
    <SymbolRate>6900</SymbolRate>
  </DVBCTuning>
  <DVBCTuning>
    <Frequency>330000</Frequency>
    <ModulationType>Mod128Qam</ModulationType>
    <SymbolRate>6900</SymbolRate>
  </DVBCTuning>
  <DVBCTuning>
    <Frequency>338000</Frequency>
    <ModulationType>Mod128Qam</ModulationType>
    <SymbolRate>6900</SymbolRate>
  </DVBCTuning>
  <DVBCTuning>
    <Frequency>170000</Frequency>
    <ModulationType>Mod128Qam</ModulationType>
    <SymbolRate>6900</SymbolRate>
  </DVBCTuning>
  <DVBCTuning>
    <Frequency>130000</Frequency>
    <ModulationType>Mod256Qam</ModulationType>
    <SymbolRate>6900</SymbolRate>
  </DVBCTuning>
  <DVBCTuning>
    <Frequency>138000</Frequency>
    <ModulationType>Mod256Qam</ModulationType>
    <SymbolRate>6900</SymbolRate>
  </DVBCTuning>
  <DVBCTuning>
    <Frequency>122000</Frequency>
    <ModulationType>Mod256Qam</ModulationType>
    <SymbolRate>6900</SymbolRate>
  </DVBCTuning>

</ArrayOfDVBCTuning>