<?xml version="1.0" encoding="utf-8"?>
<ArrayOfDVBCTuning xmlns:xsi="http://www.w3.org/2001/XMLSchema-instance" xmlns:xsd="http://www.w3.org/2001/XMLSchema">
  <DVBCTuning>
    <Frequency>226000</Frequency>
    <ModulationType>Mod128Qam</ModulationType>
    <SymbolRate>6875</SymbolRate>
  </DVBCTuning>
  <DVBCTuning>
    <Frequency>178000</Frequency>
    <ModulationType>Mod128Qam</ModulationType>
    <SymbolRate>6875</SymbolRate>
  </DVBCTuning>  
  <DVBCTuning>
    <Frequency>394000</Frequency>
    <ModulationType>Mod128Qam</ModulationType>
    <SymbolRate>6875</SymbolRate>
  </DVBCTuning>
  <DVBCTuning>
    <Frequency>514000</Frequency>
    <ModulationType>Mod256Qam</ModulationType>
    <SymbolRate>6875</SymbolRate>
  </DVBCTuning><DVBCTuning>
    <Frequency>330000</Frequency>
    <ModulationType>Mod128Qam</ModulationType>
    <SymbolRate>6875</SymbolRate>
  </DVBCTuning>
  <DVBCTuning>
    <Frequency>370000</Frequency>
    <ModulationType>Mod128Qam</ModulationType>
    <SymbolRate>6875</SymbolRate>
  </DVBCTuning>
  <DVBCTuning>
    <Frequency>362000</Frequency>
    <ModulationType>Mod128Qam</ModulationType>
    <SymbolRate>6875</SymbolRate>
  </DVBCTuning>
  <DVBCTuning>
    <Frequency>354000</Frequency>
    <ModulationType>Mod128Qam</ModulationType>
    <SymbolRate>6875</SymbolRate>
  </DVBCTuning>
  <DVBCTuning>
    <Frequency>346000</Frequency>
    <ModulationType>Mod128Qam</ModulationType>
    <SymbolRate>6875</SymbolRate>
  </DVBCTuning>
  <DVBCTuning>
    <Frequency>338000</Frequency>
    <ModulationType>Mod128Qam</ModulationType>
    <SymbolRate>6875</SymbolRate>
  </DVBCTuning>
  <DVBCTuning>
    <Frequency>322000</Frequency>
    <ModulationType>Mod128Qam</ModulationType>
    <SymbolRate>6875</SymbolRate>
  </DVBCTuning>
  <DVBCTuning>
    <Frequency>314000</Frequency>
    <ModulationType>Mod128Qam</ModulationType>
    <SymbolRate>6875</SymbolRate>
  </DVBCTuning>
  <DVBCTuning>
    <Frequency>378000</Frequency>
    <ModulationType>Mod128Qam</ModulationType>
    <SymbolRate>6875</SymbolRate>
  </DVBCTuning>
  <DVBCTuning>
    <Frequency>306000</Frequency>
    <ModulationType>Mod128Qam</ModulationType>
    <SymbolRate>6875</SymbolRate>
  </DVBCTuning>
  <DVBCTuning>
    <Frequency>298000</Frequency>
    <ModulationType>Mod128Qam</ModulationType>
    <SymbolRate>6875</SymbolRate>
  </DVBCTuning>
  <DVBCTuning>
    <Frequency>290000</Frequency>
    <ModulationType>Mod256Qam</ModulationType>
    <SymbolRate>6875</SymbolRate>
  </DVBCTuning>
  <DVBCTuning>
    <Frequency>274000</Frequency>
    <ModulationType>Mod256Qam</ModulationType>
    <SymbolRate>6875</SymbolRate>
  </DVBCTuning>
  <DVBCTuning>
    <Frequency>266000</Frequency>
    <ModulationType>Mod256Qam</ModulationType>
    <SymbolRate>6875</SymbolRate>
  </DVBCTuning>
  <DVBCTuning>
    <Frequency>258000</Frequency>
    <ModulationType>Mod256Qam</ModulationType>
    <SymbolRate>6875</SymbolRate>
  </DVBCTuning>
  <DVBCTuning>
    <Frequency>250000</Frequency>
    <ModulationType>Mod256Qam</ModulationType>
    <SymbolRate>6875</SymbolRate>
  </DVBCTuning>
  <DVBCTuning>
    <Frequency>242000</Frequency>
    <ModulationType>Mod256Qam</ModulationType>
    <SymbolRate>6875</SymbolRate>
  </DVBCTuning>
  <DVBCTuning>
    <Frequency>386000</Frequency>
    <ModulationType>Mod128Qam</ModulationType>
    <SymbolRate>6875</SymbolRate>
  </DVBCTuning>
  <DVBCTuning>
    <Frequency>186000</Frequency>
    <ModulationType>Mod128Qam</ModulationType>
    <SymbolRate>6875</SymbolRate>
  </DVBCTuning>
  <DVBCTuning>
    <Frequency>194000</Frequency>
    <ModulationType>Mod128Qam</ModulationType>
    <SymbolRate>6875</SymbolRate>
  </DVBCTuning>
  <DVBCTuning>
    <Frequency>202000</Frequency>
    <ModulationType>Mod128Qam</ModulationType>
    <SymbolRate>6875</SymbolRate>
  </DVBCTuning>
  <DVBCTuning>
    <Frequency>218000</Frequency>
    <ModulationType>Mod128Qam</ModulationType>
    <SymbolRate>6875</SymbolRate>
  </DVBCTuning>
</ArrayOfDVBCTuning>