<?xml version="1.0" encoding="utf-8"?>
<ArrayOfDVBCTuning xmlns:xsi="http://www.w3.org/2001/XMLSchema-instance" xmlns:xsd="http://www.w3.org/2001/XMLSchema">
  <DVBCTuning>
    <Frequency>306000</Frequency>
    <ModulationType>Mod64Qam</ModulationType>
    <SymbolRate>6875</SymbolRate>
  </DVBCTuning>
  <DVBCTuning>
    <Frequency>314000</Frequency>
    <ModulationType>Mod64Qam</ModulationType>
    <SymbolRate>6875</SymbolRate>
  </DVBCTuning>
  <DVBCTuning>
    <Frequency>322000</Frequency>
    <ModulationType>Mod64Qam</ModulationType>
    <SymbolRate>6875</SymbolRate>
  </DVBCTuning>
  <DVBCTuning>
    <Frequency>346000</Frequency>
    <ModulationType>Mod64Qam</ModulationType>
    <SymbolRate>6875</SymbolRate>
  </DVBCTuning>
  <DVBCTuning>
    <Frequency>354000</Frequency>
    <ModulationType>Mod64Qam</ModulationType>
    <SymbolRate>6875</SymbolRate>
  </DVBCTuning>
  <DVBCTuning>
    <Frequency>362000</Frequency>
    <ModulationType>Mod64Qam</ModulationType>
    <SymbolRate>6875</SymbolRate>
  </DVBCTuning>
  <DVBCTuning>
    <Frequency>370000</Frequency>
    <ModulationType>Mod64Qam</ModulationType>
    <SymbolRate>6875</SymbolRate>
  </DVBCTuning>
  <DVBCTuning>
    <Frequency>378000</Frequency>
    <ModulationType>Mod64Qam</ModulationType>
    <SymbolRate>6875</SymbolRate>
  </DVBCTuning>
  <DVBCTuning>
    <Frequency>386000</Frequency>
    <ModulationType>Mod64Qam</ModulationType>
    <SymbolRate>6875</SymbolRate>
  </DVBCTuning>
  <DVBCTuning>
    <Frequency>442000</Frequency>
    <ModulationType>Mod64Qam</ModulationType>
    <SymbolRate>6875</SymbolRate>
  </DVBCTuning>
  <DVBCTuning>
    <Frequency>450000</Frequency>
    <ModulationType>Mod64Qam</ModulationType>
    <SymbolRate>6875</SymbolRate>
  </DVBCTuning>
  <DVBCTuning>
    <Frequency>458000</Frequency>
    <ModulationType>Mod64Qam</ModulationType>
    <SymbolRate>6875</SymbolRate>
  </DVBCTuning>
  <DVBCTuning>
    <Frequency>466000</Frequency>
    <ModulationType>Mod64Qam</ModulationType>
    <SymbolRate>6875</SymbolRate>
  </DVBCTuning>
  <DVBCTuning>
    <Frequency>474000</Frequency>
    <ModulationType>Mod64Qam</ModulationType>
    <SymbolRate>6875</SymbolRate>
  </DVBCTuning>
  <DVBCTuning>
    <Frequency>482000</Frequency>
    <ModulationType>Mod64Qam</ModulationType>
    <SymbolRate>6875</SymbolRate>
  </DVBCTuning>
  <DVBCTuning>
    <Frequency>490000</Frequency>
    <ModulationType>Mod64Qam</ModulationType>
    <SymbolRate>6875</SymbolRate>
  </DVBCTuning>
  <DVBCTuning>
    <Frequency>506000</Frequency>
    <ModulationType>Mod64Qam</ModulationType>
    <SymbolRate>6875</SymbolRate>
  </DVBCTuning>
  <DVBCTuning>
    <Frequency>514000</Frequency>
    <ModulationType>Mod64Qam</ModulationType>
    <SymbolRate>6875</SymbolRate>
  </DVBCTuning>
  <DVBCTuning>
    <Frequency>522000</Frequency>
    <ModulationType>Mod64Qam</ModulationType>
    <SymbolRate>6875</SymbolRate>
  </DVBCTuning>
  <DVBCTuning>
    <Frequency>530000</Frequency>
    <ModulationType>Mod64Qam</ModulationType>
    <SymbolRate>6875</SymbolRate>
  </DVBCTuning>
</ArrayOfDVBCTuning>