<?xml version="1.0" encoding="UTF-8" standalone="yes"?>
<ArrayOfDVBCTuning xmlns:xsi="http://www.w3.org/2001/XMLSchema-instance">
	<DVBCTuning>
		<Frequency>300000</Frequency>
		<ModulationType>Mod64Qam</ModulationType>
		<SymbolRate>6900</SymbolRate>
	</DVBCTuning>
	<DVBCTuning>
		<Frequency>302000</Frequency>
		<ModulationType>Mod64Qam</ModulationType>
		<SymbolRate>6900</SymbolRate>
	</DVBCTuning>
	<DVBCTuning>
		<Frequency>304000</Frequency>
		<ModulationType>Mod64Qam</ModulationType>
		<SymbolRate>6900</SymbolRate>
	</DVBCTuning>
	<DVBCTuning>
		<Frequency>306000</Frequency>
		<ModulationType>Mod64Qam</ModulationType>
		<SymbolRate>6900</SymbolRate>
	</DVBCTuning>
	<DVBCTuning>
		<Frequency>308000</Frequency>
		<ModulationType>Mod64Qam</ModulationType>
		<SymbolRate>6900</SymbolRate>
	</DVBCTuning>
	<DVBCTuning>
		<Frequency>310000</Frequency>
		<ModulationType>Mod64Qam</ModulationType>
		<SymbolRate>6900</SymbolRate>
	</DVBCTuning>
	<DVBCTuning>
		<Frequency>312000</Frequency>
		<ModulationType>Mod64Qam</ModulationType>
		<SymbolRate>6900</SymbolRate>
	</DVBCTuning>
	<DVBCTuning>
		<Frequency>314000</Frequency>
		<ModulationType>Mod64Qam</ModulationType>
		<SymbolRate>6900</SymbolRate>
	</DVBCTuning>
	<DVBCTuning>
		<Frequency>316000</Frequency>
		<ModulationType>Mod64Qam</ModulationType>
		<SymbolRate>6900</SymbolRate>
	</DVBCTuning>
	<DVBCTuning>
		<Frequency>318000</Frequency>
		<ModulationType>Mod64Qam</ModulationType>
		<SymbolRate>6900</SymbolRate>
	</DVBCTuning>
	<DVBCTuning>
		<Frequency>320000</Frequency>
		<ModulationType>Mod64Qam</ModulationType>
		<SymbolRate>6900</SymbolRate>
	</DVBCTuning>
	<DVBCTuning>
		<Frequency>322000</Frequency>
		<ModulationType>Mod64Qam</ModulationType>
		<SymbolRate>6900</SymbolRate>
	</DVBCTuning>
	<DVBCTuning>
		<Frequency>324000</Frequency>
		<ModulationType>Mod64Qam</ModulationType>
		<SymbolRate>6900</SymbolRate>
	</DVBCTuning>
	<DVBCTuning>
		<Frequency>326000</Frequency>
		<ModulationType>Mod64Qam</ModulationType>
		<SymbolRate>6900</SymbolRate>
	</DVBCTuning>
	<DVBCTuning>
		<Frequency>328000</Frequency>
		<ModulationType>Mod64Qam</ModulationType>
		<SymbolRate>6900</SymbolRate>
	</DVBCTuning>
	<DVBCTuning>
		<Frequency>330000</Frequency>
		<ModulationType>Mod64Qam</ModulationType>
		<SymbolRate>6900</SymbolRate>
	</DVBCTuning>
	<DVBCTuning>
		<Frequency>332000</Frequency>
		<ModulationType>Mod64Qam</ModulationType>
		<SymbolRate>6900</SymbolRate>
	</DVBCTuning>
	<DVBCTuning>
		<Frequency>334000</Frequency>
		<ModulationType>Mod64Qam</ModulationType>
		<SymbolRate>6900</SymbolRate>
	</DVBCTuning>
	<DVBCTuning>
		<Frequency>336000</Frequency>
		<ModulationType>Mod64Qam</ModulationType>
		<SymbolRate>6900</SymbolRate>
	</DVBCTuning>
	<DVBCTuning>
		<Frequency>338000</Frequency>
		<ModulationType>Mod64Qam</ModulationType>
		<SymbolRate>6900</SymbolRate>
	</DVBCTuning>
	<DVBCTuning>
		<Frequency>340000</Frequency>
		<ModulationType>Mod64Qam</ModulationType>
		<SymbolRate>6900</SymbolRate>
	</DVBCTuning>
	<DVBCTuning>
		<Frequency>342000</Frequency>
		<ModulationType>Mod64Qam</ModulationType>
		<SymbolRate>6900</SymbolRate>
	</DVBCTuning>
	<DVBCTuning>
		<Frequency>344000</Frequency>
		<ModulationType>Mod64Qam</ModulationType>
		<SymbolRate>6900</SymbolRate>
	</DVBCTuning>
	<DVBCTuning>
		<Frequency>346000</Frequency>
		<ModulationType>Mod64Qam</ModulationType>
		<SymbolRate>6900</SymbolRate>
	</DVBCTuning>
	<DVBCTuning>
		<Frequency>348000</Frequency>
		<ModulationType>Mod64Qam</ModulationType>
		<SymbolRate>6900</SymbolRate>
	</DVBCTuning>
	<DVBCTuning>
		<Frequency>350000</Frequency>
		<ModulationType>Mod64Qam</ModulationType>
		<SymbolRate>6900</SymbolRate>
	</DVBCTuning>
	<DVBCTuning>
		<Frequency>352000</Frequency>
		<ModulationType>Mod64Qam</ModulationType>
		<SymbolRate>6900</SymbolRate>
	</DVBCTuning>
	<DVBCTuning>
		<Frequency>354000</Frequency>
		<ModulationType>Mod64Qam</ModulationType>
		<SymbolRate>6900</SymbolRate>
	</DVBCTuning>
	<DVBCTuning>
		<Frequency>356000</Frequency>
		<ModulationType>Mod64Qam</ModulationType>
		<SymbolRate>6900</SymbolRate>
	</DVBCTuning>
	<DVBCTuning>
		<Frequency>358000</Frequency>
		<ModulationType>Mod64Qam</ModulationType>
		<SymbolRate>6900</SymbolRate>
	</DVBCTuning>
	<DVBCTuning>
		<Frequency>360000</Frequency>
		<ModulationType>Mod64Qam</ModulationType>
		<SymbolRate>6900</SymbolRate>
	</DVBCTuning>
	<DVBCTuning>
		<Frequency>362000</Frequency>
		<ModulationType>Mod64Qam</ModulationType>
		<SymbolRate>6900</SymbolRate>
	</DVBCTuning>
	<DVBCTuning>
		<Frequency>364000</Frequency>
		<ModulationType>Mod64Qam</ModulationType>
		<SymbolRate>6900</SymbolRate>
	</DVBCTuning>
	<DVBCTuning>
		<Frequency>366000</Frequency>
		<ModulationType>Mod64Qam</ModulationType>
		<SymbolRate>6900</SymbolRate>
	</DVBCTuning>
	<DVBCTuning>
		<Frequency>368000</Frequency>
		<ModulationType>Mod64Qam</ModulationType>
		<SymbolRate>6900</SymbolRate>
	</DVBCTuning>
	<DVBCTuning>
		<Frequency>370000</Frequency>
		<ModulationType>Mod64Qam</ModulationType>
		<SymbolRate>6900</SymbolRate>
	</DVBCTuning>
	<DVBCTuning>
		<Frequency>372000</Frequency>
		<ModulationType>Mod64Qam</ModulationType>
		<SymbolRate>6900</SymbolRate>
	</DVBCTuning>
	<DVBCTuning>
		<Frequency>374000</Frequency>
		<ModulationType>Mod64Qam</ModulationType>
		<SymbolRate>6900</SymbolRate>
	</DVBCTuning>
	<DVBCTuning>
		<Frequency>376000</Frequency>
		<ModulationType>Mod64Qam</ModulationType>
		<SymbolRate>6900</SymbolRate>
	</DVBCTuning>
	<DVBCTuning>
		<Frequency>378000</Frequency>
		<ModulationType>Mod64Qam</ModulationType>
		<SymbolRate>6900</SymbolRate>
	</DVBCTuning>
	<DVBCTuning>
		<Frequency>380000</Frequency>
		<ModulationType>Mod64Qam</ModulationType>
		<SymbolRate>6900</SymbolRate>
	</DVBCTuning>
	<DVBCTuning>
		<Frequency>382000</Frequency>
		<ModulationType>Mod64Qam</ModulationType>
		<SymbolRate>6900</SymbolRate>
	</DVBCTuning>
	<DVBCTuning>
		<Frequency>384000</Frequency>
		<ModulationType>Mod64Qam</ModulationType>
		<SymbolRate>6900</SymbolRate>
	</DVBCTuning>
	<DVBCTuning>
		<Frequency>386000</Frequency>
		<ModulationType>Mod64Qam</ModulationType>
		<SymbolRate>6900</SymbolRate>
	</DVBCTuning>
	<DVBCTuning>
		<Frequency>388000</Frequency>
		<ModulationType>Mod64Qam</ModulationType>
		<SymbolRate>6900</SymbolRate>
	</DVBCTuning>
	<DVBCTuning>
		<Frequency>390000</Frequency>
		<ModulationType>Mod64Qam</ModulationType>
		<SymbolRate>6900</SymbolRate>
	</DVBCTuning>
	<DVBCTuning>
		<Frequency>392000</Frequency>
		<ModulationType>Mod64Qam</ModulationType>
		<SymbolRate>6900</SymbolRate>
	</DVBCTuning>
	<DVBCTuning>
		<Frequency>394000</Frequency>
		<ModulationType>Mod64Qam</ModulationType>
		<SymbolRate>6900</SymbolRate>
	</DVBCTuning>
	<DVBCTuning>
		<Frequency>396000</Frequency>
		<ModulationType>Mod64Qam</ModulationType>
		<SymbolRate>6900</SymbolRate>
	</DVBCTuning>
	<DVBCTuning>
		<Frequency>398000</Frequency>
		<ModulationType>Mod64Qam</ModulationType>
		<SymbolRate>6900</SymbolRate>
	</DVBCTuning>
	<DVBCTuning>
		<Frequency>400000</Frequency>
		<ModulationType>Mod64Qam</ModulationType>
		<SymbolRate>6900</SymbolRate>
	</DVBCTuning>
	<DVBCTuning>
		<Frequency>402000</Frequency>
		<ModulationType>Mod64Qam</ModulationType>
		<SymbolRate>6900</SymbolRate>
	</DVBCTuning>
	<DVBCTuning>
		<Frequency>404000</Frequency>
		<ModulationType>Mod64Qam</ModulationType>
		<SymbolRate>6900</SymbolRate>
	</DVBCTuning>
	<DVBCTuning>
		<Frequency>406000</Frequency>
		<ModulationType>Mod64Qam</ModulationType>
		<SymbolRate>6900</SymbolRate>
	</DVBCTuning>
	<DVBCTuning>
		<Frequency>408000</Frequency>
		<ModulationType>Mod64Qam</ModulationType>
		<SymbolRate>6900</SymbolRate>
	</DVBCTuning>
	<DVBCTuning>
		<Frequency>410000</Frequency>
		<ModulationType>Mod64Qam</ModulationType>
		<SymbolRate>6900</SymbolRate>
	</DVBCTuning>
	<DVBCTuning>
		<Frequency>412000</Frequency>
		<ModulationType>Mod64Qam</ModulationType>
		<SymbolRate>6900</SymbolRate>
	</DVBCTuning>
	<DVBCTuning>
		<Frequency>414000</Frequency>
		<ModulationType>Mod64Qam</ModulationType>
		<SymbolRate>6900</SymbolRate>
	</DVBCTuning>
	<DVBCTuning>
		<Frequency>416000</Frequency>
		<ModulationType>Mod64Qam</ModulationType>
		<SymbolRate>6900</SymbolRate>
	</DVBCTuning>
	<DVBCTuning>
		<Frequency>418000</Frequency>
		<ModulationType>Mod64Qam</ModulationType>
		<SymbolRate>6900</SymbolRate>
	</DVBCTuning>
	<DVBCTuning>
		<Frequency>420000</Frequency>
		<ModulationType>Mod64Qam</ModulationType>
		<SymbolRate>6900</SymbolRate>
	</DVBCTuning>
	<DVBCTuning>
		<Frequency>422000</Frequency>
		<ModulationType>Mod64Qam</ModulationType>
		<SymbolRate>6900</SymbolRate>
	</DVBCTuning>
	<DVBCTuning>
		<Frequency>424000</Frequency>
		<ModulationType>Mod64Qam</ModulationType>
		<SymbolRate>6900</SymbolRate>
	</DVBCTuning>
	<DVBCTuning>
		<Frequency>426000</Frequency>
		<ModulationType>Mod64Qam</ModulationType>
		<SymbolRate>6900</SymbolRate>
	</DVBCTuning>
	<DVBCTuning>
		<Frequency>428000</Frequency>
		<ModulationType>Mod64Qam</ModulationType>
		<SymbolRate>6900</SymbolRate>
	</DVBCTuning>
	<DVBCTuning>
		<Frequency>430000</Frequency>
		<ModulationType>Mod64Qam</ModulationType>
		<SymbolRate>6900</SymbolRate>
	</DVBCTuning>
	<DVBCTuning>
		<Frequency>432000</Frequency>
		<ModulationType>Mod64Qam</ModulationType>
		<SymbolRate>6900</SymbolRate>
	</DVBCTuning>
	<DVBCTuning>
		<Frequency>434000</Frequency>
		<ModulationType>Mod64Qam</ModulationType>
		<SymbolRate>6900</SymbolRate>
	</DVBCTuning>
	<DVBCTuning>
		<Frequency>436000</Frequency>
		<ModulationType>Mod64Qam</ModulationType>
		<SymbolRate>6900</SymbolRate>
	</DVBCTuning>
	<DVBCTuning>
		<Frequency>438000</Frequency>
		<ModulationType>Mod64Qam</ModulationType>
		<SymbolRate>6900</SymbolRate>
	</DVBCTuning>
	<DVBCTuning>
		<Frequency>440000</Frequency>
		<ModulationType>Mod64Qam</ModulationType>
		<SymbolRate>6900</SymbolRate>
	</DVBCTuning>
	<DVBCTuning>
		<Frequency>442000</Frequency>
		<ModulationType>Mod64Qam</ModulationType>
		<SymbolRate>6900</SymbolRate>
	</DVBCTuning>
	<DVBCTuning>
		<Frequency>444000</Frequency>
		<ModulationType>Mod64Qam</ModulationType>
		<SymbolRate>6900</SymbolRate>
	</DVBCTuning>
	<DVBCTuning>
		<Frequency>446000</Frequency>
		<ModulationType>Mod64Qam</ModulationType>
		<SymbolRate>6900</SymbolRate>
	</DVBCTuning>
	<DVBCTuning>
		<Frequency>448000</Frequency>
		<ModulationType>Mod64Qam</ModulationType>
		<SymbolRate>6900</SymbolRate>
	</DVBCTuning>
	<DVBCTuning>
		<Frequency>450000</Frequency>
		<ModulationType>Mod64Qam</ModulationType>
		<SymbolRate>6900</SymbolRate>
	</DVBCTuning>
	<DVBCTuning>
		<Frequency>452000</Frequency>
		<ModulationType>Mod64Qam</ModulationType>
		<SymbolRate>6900</SymbolRate>
	</DVBCTuning>
	<DVBCTuning>
		<Frequency>454000</Frequency>
		<ModulationType>Mod64Qam</ModulationType>
		<SymbolRate>6900</SymbolRate>
	</DVBCTuning>
	<DVBCTuning>
		<Frequency>456000</Frequency>
		<ModulationType>Mod64Qam</ModulationType>
		<SymbolRate>6900</SymbolRate>
	</DVBCTuning>
	<DVBCTuning>
		<Frequency>458000</Frequency>
		<ModulationType>Mod64Qam</ModulationType>
		<SymbolRate>6900</SymbolRate>
	</DVBCTuning>
	<DVBCTuning>
		<Frequency>460000</Frequency>
		<ModulationType>Mod64Qam</ModulationType>
		<SymbolRate>6900</SymbolRate>
	</DVBCTuning>
	<DVBCTuning>
		<Frequency>462000</Frequency>
		<ModulationType>Mod64Qam</ModulationType>
		<SymbolRate>6900</SymbolRate>
	</DVBCTuning>
	<DVBCTuning>
		<Frequency>464000</Frequency>
		<ModulationType>Mod64Qam</ModulationType>
		<SymbolRate>6900</SymbolRate>
	</DVBCTuning>
	<DVBCTuning>
		<Frequency>466000</Frequency>
		<ModulationType>Mod64Qam</ModulationType>
		<SymbolRate>6900</SymbolRate>
	</DVBCTuning>
	<DVBCTuning>
		<Frequency>468000</Frequency>
		<ModulationType>Mod64Qam</ModulationType>
		<SymbolRate>6900</SymbolRate>
	</DVBCTuning>
	<DVBCTuning>
		<Frequency>470000</Frequency>
		<ModulationType>Mod64Qam</ModulationType>
		<SymbolRate>6900</SymbolRate>
	</DVBCTuning>
	<DVBCTuning>
		<Frequency>472000</Frequency>
		<ModulationType>Mod64Qam</ModulationType>
		<SymbolRate>6900</SymbolRate>
	</DVBCTuning>
	<DVBCTuning>
		<Frequency>474000</Frequency>
		<ModulationType>Mod64Qam</ModulationType>
		<SymbolRate>6900</SymbolRate>
	</DVBCTuning>
	<DVBCTuning>
		<Frequency>476000</Frequency>
		<ModulationType>Mod64Qam</ModulationType>
		<SymbolRate>6900</SymbolRate>
	</DVBCTuning>
	<DVBCTuning>
		<Frequency>478000</Frequency>
		<ModulationType>Mod64Qam</ModulationType>
		<SymbolRate>6900</SymbolRate>
	</DVBCTuning>
	<DVBCTuning>
		<Frequency>480000</Frequency>
		<ModulationType>Mod64Qam</ModulationType>
		<SymbolRate>6900</SymbolRate>
	</DVBCTuning>
	<DVBCTuning>
		<Frequency>482000</Frequency>
		<ModulationType>Mod64Qam</ModulationType>
		<SymbolRate>6900</SymbolRate>
	</DVBCTuning>
	<DVBCTuning>
		<Frequency>484000</Frequency>
		<ModulationType>Mod64Qam</ModulationType>
		<SymbolRate>6900</SymbolRate>
	</DVBCTuning>
	<DVBCTuning>
		<Frequency>486000</Frequency>
		<ModulationType>Mod64Qam</ModulationType>
		<SymbolRate>6900</SymbolRate>
	</DVBCTuning>
	<DVBCTuning>
		<Frequency>488000</Frequency>
		<ModulationType>Mod64Qam</ModulationType>
		<SymbolRate>6900</SymbolRate>
	</DVBCTuning>
	<DVBCTuning>
		<Frequency>490000</Frequency>
		<ModulationType>Mod64Qam</ModulationType>
		<SymbolRate>6900</SymbolRate>
	</DVBCTuning>
	<DVBCTuning>
		<Frequency>492000</Frequency>
		<ModulationType>Mod64Qam</ModulationType>
		<SymbolRate>6900</SymbolRate>
	</DVBCTuning>
	<DVBCTuning>
		<Frequency>494000</Frequency>
		<ModulationType>Mod64Qam</ModulationType>
		<SymbolRate>6900</SymbolRate>
	</DVBCTuning>
	<DVBCTuning>
		<Frequency>496000</Frequency>
		<ModulationType>Mod64Qam</ModulationType>
		<SymbolRate>6900</SymbolRate>
	</DVBCTuning>
	<DVBCTuning>
		<Frequency>498000</Frequency>
		<ModulationType>Mod64Qam</ModulationType>
		<SymbolRate>6900</SymbolRate>
	</DVBCTuning>
	<DVBCTuning>
		<Frequency>500000</Frequency>
		<ModulationType>Mod64Qam</ModulationType>
		<SymbolRate>6900</SymbolRate>
	</DVBCTuning>
	<DVBCTuning>
		<Frequency>502000</Frequency>
		<ModulationType>Mod64Qam</ModulationType>
		<SymbolRate>6900</SymbolRate>
	</DVBCTuning>
	<DVBCTuning>
		<Frequency>504000</Frequency>
		<ModulationType>Mod64Qam</ModulationType>
		<SymbolRate>6900</SymbolRate>
	</DVBCTuning>
	<DVBCTuning>
		<Frequency>506000</Frequency>
		<ModulationType>Mod64Qam</ModulationType>
		<SymbolRate>6900</SymbolRate>
	</DVBCTuning>
	<DVBCTuning>
		<Frequency>508000</Frequency>
		<ModulationType>Mod64Qam</ModulationType>
		<SymbolRate>6900</SymbolRate>
	</DVBCTuning>
	<DVBCTuning>
		<Frequency>510000</Frequency>
		<ModulationType>Mod64Qam</ModulationType>
		<SymbolRate>6900</SymbolRate>
	</DVBCTuning>
	<DVBCTuning>
		<Frequency>512000</Frequency>
		<ModulationType>Mod64Qam</ModulationType>
		<SymbolRate>6900</SymbolRate>
	</DVBCTuning>
	<DVBCTuning>
		<Frequency>514000</Frequency>
		<ModulationType>Mod64Qam</ModulationType>
		<SymbolRate>6900</SymbolRate>
	</DVBCTuning>
	<DVBCTuning>
		<Frequency>516000</Frequency>
		<ModulationType>Mod64Qam</ModulationType>
		<SymbolRate>6900</SymbolRate>
	</DVBCTuning>
	<DVBCTuning>
		<Frequency>518000</Frequency>
		<ModulationType>Mod64Qam</ModulationType>
		<SymbolRate>6900</SymbolRate>
	</DVBCTuning>
	<DVBCTuning>
		<Frequency>520000</Frequency>
		<ModulationType>Mod64Qam</ModulationType>
		<SymbolRate>6900</SymbolRate>
	</DVBCTuning>
	<DVBCTuning>
		<Frequency>522000</Frequency>
		<ModulationType>Mod64Qam</ModulationType>
		<SymbolRate>6900</SymbolRate>
	</DVBCTuning>
	<DVBCTuning>
		<Frequency>524000</Frequency>
		<ModulationType>Mod64Qam</ModulationType>
		<SymbolRate>6900</SymbolRate>
	</DVBCTuning>
	<DVBCTuning>
		<Frequency>526000</Frequency>
		<ModulationType>Mod64Qam</ModulationType>
		<SymbolRate>6900</SymbolRate>
	</DVBCTuning>
	<DVBCTuning>
		<Frequency>528000</Frequency>
		<ModulationType>Mod64Qam</ModulationType>
		<SymbolRate>6900</SymbolRate>
	</DVBCTuning>
	<DVBCTuning>
		<Frequency>530000</Frequency>
		<ModulationType>Mod64Qam</ModulationType>
		<SymbolRate>6900</SymbolRate>
	</DVBCTuning>
	<DVBCTuning>
		<Frequency>532000</Frequency>
		<ModulationType>Mod64Qam</ModulationType>
		<SymbolRate>6900</SymbolRate>
	</DVBCTuning>
	<DVBCTuning>
		<Frequency>534000</Frequency>
		<ModulationType>Mod64Qam</ModulationType>
		<SymbolRate>6900</SymbolRate>
	</DVBCTuning>
	<DVBCTuning>
		<Frequency>536000</Frequency>
		<ModulationType>Mod64Qam</ModulationType>
		<SymbolRate>6900</SymbolRate>
	</DVBCTuning>
	<DVBCTuning>
		<Frequency>538000</Frequency>
		<ModulationType>Mod64Qam</ModulationType>
		<SymbolRate>6900</SymbolRate>
	</DVBCTuning>
	<DVBCTuning>
		<Frequency>540000</Frequency>
		<ModulationType>Mod64Qam</ModulationType>
		<SymbolRate>6900</SymbolRate>
	</DVBCTuning>
	<DVBCTuning>
		<Frequency>542000</Frequency>
		<ModulationType>Mod64Qam</ModulationType>
		<SymbolRate>6900</SymbolRate>
	</DVBCTuning>
	<DVBCTuning>
		<Frequency>544000</Frequency>
		<ModulationType>Mod64Qam</ModulationType>
		<SymbolRate>6900</SymbolRate>
	</DVBCTuning>
	<DVBCTuning>
		<Frequency>546000</Frequency>
		<ModulationType>Mod64Qam</ModulationType>
		<SymbolRate>6900</SymbolRate>
	</DVBCTuning>
	<DVBCTuning>
		<Frequency>548000</Frequency>
		<ModulationType>Mod64Qam</ModulationType>
		<SymbolRate>6900</SymbolRate>
	</DVBCTuning>
	<DVBCTuning>
		<Frequency>550000</Frequency>
		<ModulationType>Mod64Qam</ModulationType>
		<SymbolRate>6900</SymbolRate>
	</DVBCTuning>
	<DVBCTuning>
		<Frequency>552000</Frequency>
		<ModulationType>Mod64Qam</ModulationType>
		<SymbolRate>6900</SymbolRate>
	</DVBCTuning>
	<DVBCTuning>
		<Frequency>554000</Frequency>
		<ModulationType>Mod64Qam</ModulationType>
		<SymbolRate>6900</SymbolRate>
	</DVBCTuning>
	<DVBCTuning>
		<Frequency>556000</Frequency>
		<ModulationType>Mod64Qam</ModulationType>
		<SymbolRate>6900</SymbolRate>
	</DVBCTuning>
	<DVBCTuning>
		<Frequency>558000</Frequency>
		<ModulationType>Mod64Qam</ModulationType>
		<SymbolRate>6900</SymbolRate>
	</DVBCTuning>
	<DVBCTuning>
		<Frequency>560000</Frequency>
		<ModulationType>Mod64Qam</ModulationType>
		<SymbolRate>6900</SymbolRate>
	</DVBCTuning>
	<DVBCTuning>
		<Frequency>562000</Frequency>
		<ModulationType>Mod64Qam</ModulationType>
		<SymbolRate>6900</SymbolRate>
	</DVBCTuning>
	<DVBCTuning>
		<Frequency>564000</Frequency>
		<ModulationType>Mod64Qam</ModulationType>
		<SymbolRate>6900</SymbolRate>
	</DVBCTuning>
	<DVBCTuning>
		<Frequency>566000</Frequency>
		<ModulationType>Mod64Qam</ModulationType>
		<SymbolRate>6900</SymbolRate>
	</DVBCTuning>
	<DVBCTuning>
		<Frequency>568000</Frequency>
		<ModulationType>Mod64Qam</ModulationType>
		<SymbolRate>6900</SymbolRate>
	</DVBCTuning>
	<DVBCTuning>
		<Frequency>570000</Frequency>
		<ModulationType>Mod64Qam</ModulationType>
		<SymbolRate>6900</SymbolRate>
	</DVBCTuning>
	<DVBCTuning>
		<Frequency>572000</Frequency>
		<ModulationType>Mod64Qam</ModulationType>
		<SymbolRate>6900</SymbolRate>
	</DVBCTuning>
	<DVBCTuning>
		<Frequency>574000</Frequency>
		<ModulationType>Mod64Qam</ModulationType>
		<SymbolRate>6900</SymbolRate>
	</DVBCTuning>
	<DVBCTuning>
		<Frequency>576000</Frequency>
		<ModulationType>Mod64Qam</ModulationType>
		<SymbolRate>6900</SymbolRate>
	</DVBCTuning>
	<DVBCTuning>
		<Frequency>578000</Frequency>
		<ModulationType>Mod64Qam</ModulationType>
		<SymbolRate>6900</SymbolRate>
	</DVBCTuning>
	<DVBCTuning>
		<Frequency>580000</Frequency>
		<ModulationType>Mod64Qam</ModulationType>
		<SymbolRate>6900</SymbolRate>
	</DVBCTuning>
	<DVBCTuning>
		<Frequency>582000</Frequency>
		<ModulationType>Mod64Qam</ModulationType>
		<SymbolRate>6900</SymbolRate>
	</DVBCTuning>
	<DVBCTuning>
		<Frequency>584000</Frequency>
		<ModulationType>Mod64Qam</ModulationType>
		<SymbolRate>6900</SymbolRate>
	</DVBCTuning>
	<DVBCTuning>
		<Frequency>586000</Frequency>
		<ModulationType>Mod64Qam</ModulationType>
		<SymbolRate>6900</SymbolRate>
	</DVBCTuning>
	<DVBCTuning>
		<Frequency>588000</Frequency>
		<ModulationType>Mod64Qam</ModulationType>
		<SymbolRate>6900</SymbolRate>
	</DVBCTuning>
	<DVBCTuning>
		<Frequency>590000</Frequency>
		<ModulationType>Mod64Qam</ModulationType>
		<SymbolRate>6900</SymbolRate>
	</DVBCTuning>
	<DVBCTuning>
		<Frequency>592000</Frequency>
		<ModulationType>Mod64Qam</ModulationType>
		<SymbolRate>6900</SymbolRate>
	</DVBCTuning>
	<DVBCTuning>
		<Frequency>594000</Frequency>
		<ModulationType>Mod64Qam</ModulationType>
		<SymbolRate>6900</SymbolRate>
	</DVBCTuning>
	<DVBCTuning>
		<Frequency>596000</Frequency>
		<ModulationType>Mod64Qam</ModulationType>
		<SymbolRate>6900</SymbolRate>
	</DVBCTuning>
	<DVBCTuning>
		<Frequency>598000</Frequency>
		<ModulationType>Mod64Qam</ModulationType>
		<SymbolRate>6900</SymbolRate>
	</DVBCTuning>
	<DVBCTuning>
		<Frequency>600000</Frequency>
		<ModulationType>Mod64Qam</ModulationType>
		<SymbolRate>6900</SymbolRate>
	</DVBCTuning>
	<DVBCTuning>
		<Frequency>602000</Frequency>
		<ModulationType>Mod64Qam</ModulationType>
		<SymbolRate>6900</SymbolRate>
	</DVBCTuning>
	<DVBCTuning>
		<Frequency>604000</Frequency>
		<ModulationType>Mod64Qam</ModulationType>
		<SymbolRate>6900</SymbolRate>
	</DVBCTuning>
	<DVBCTuning>
		<Frequency>606000</Frequency>
		<ModulationType>Mod64Qam</ModulationType>
		<SymbolRate>6900</SymbolRate>
	</DVBCTuning>
	<DVBCTuning>
		<Frequency>608000</Frequency>
		<ModulationType>Mod64Qam</ModulationType>
		<SymbolRate>6900</SymbolRate>
	</DVBCTuning>
	<DVBCTuning>
		<Frequency>610000</Frequency>
		<ModulationType>Mod64Qam</ModulationType>
		<SymbolRate>6900</SymbolRate>
	</DVBCTuning>
	<DVBCTuning>
		<Frequency>612000</Frequency>
		<ModulationType>Mod64Qam</ModulationType>
		<SymbolRate>6900</SymbolRate>
	</DVBCTuning>
	<DVBCTuning>
		<Frequency>614000</Frequency>
		<ModulationType>Mod64Qam</ModulationType>
		<SymbolRate>6900</SymbolRate>
	</DVBCTuning>
	<DVBCTuning>
		<Frequency>616000</Frequency>
		<ModulationType>Mod64Qam</ModulationType>
		<SymbolRate>6900</SymbolRate>
	</DVBCTuning>
	<DVBCTuning>
		<Frequency>618000</Frequency>
		<ModulationType>Mod64Qam</ModulationType>
		<SymbolRate>6900</SymbolRate>
	</DVBCTuning>
	<DVBCTuning>
		<Frequency>620000</Frequency>
		<ModulationType>Mod64Qam</ModulationType>
		<SymbolRate>6900</SymbolRate>
	</DVBCTuning>
	<DVBCTuning>
		<Frequency>622000</Frequency>
		<ModulationType>Mod64Qam</ModulationType>
		<SymbolRate>6900</SymbolRate>
	</DVBCTuning>
	<DVBCTuning>
		<Frequency>624000</Frequency>
		<ModulationType>Mod64Qam</ModulationType>
		<SymbolRate>6900</SymbolRate>
	</DVBCTuning>
	<DVBCTuning>
		<Frequency>626000</Frequency>
		<ModulationType>Mod64Qam</ModulationType>
		<SymbolRate>6900</SymbolRate>
	</DVBCTuning>
	<DVBCTuning>
		<Frequency>628000</Frequency>
		<ModulationType>Mod64Qam</ModulationType>
		<SymbolRate>6900</SymbolRate>
	</DVBCTuning>
	<DVBCTuning>
		<Frequency>630000</Frequency>
		<ModulationType>Mod64Qam</ModulationType>
		<SymbolRate>6900</SymbolRate>
	</DVBCTuning>
	<DVBCTuning>
		<Frequency>632000</Frequency>
		<ModulationType>Mod64Qam</ModulationType>
		<SymbolRate>6900</SymbolRate>
	</DVBCTuning>
	<DVBCTuning>
		<Frequency>634000</Frequency>
		<ModulationType>Mod64Qam</ModulationType>
		<SymbolRate>6900</SymbolRate>
	</DVBCTuning>
	<DVBCTuning>
		<Frequency>636000</Frequency>
		<ModulationType>Mod64Qam</ModulationType>
		<SymbolRate>6900</SymbolRate>
	</DVBCTuning>
	<DVBCTuning>
		<Frequency>638000</Frequency>
		<ModulationType>Mod64Qam</ModulationType>
		<SymbolRate>6900</SymbolRate>
	</DVBCTuning>
	<DVBCTuning>
		<Frequency>640000</Frequency>
		<ModulationType>Mod64Qam</ModulationType>
		<SymbolRate>6900</SymbolRate>
	</DVBCTuning>
	<DVBCTuning>
		<Frequency>642000</Frequency>
		<ModulationType>Mod64Qam</ModulationType>
		<SymbolRate>6900</SymbolRate>
	</DVBCTuning>
	<DVBCTuning>
		<Frequency>644000</Frequency>
		<ModulationType>Mod64Qam</ModulationType>
		<SymbolRate>6900</SymbolRate>
	</DVBCTuning>
	<DVBCTuning>
		<Frequency>646000</Frequency>
		<ModulationType>Mod64Qam</ModulationType>
		<SymbolRate>6900</SymbolRate>
	</DVBCTuning>
	<DVBCTuning>
		<Frequency>648000</Frequency>
		<ModulationType>Mod64Qam</ModulationType>
		<SymbolRate>6900</SymbolRate>
	</DVBCTuning>
	<DVBCTuning>
		<Frequency>650000</Frequency>
		<ModulationType>Mod64Qam</ModulationType>
		<SymbolRate>6900</SymbolRate>
	</DVBCTuning>
	<DVBCTuning>
		<Frequency>652000</Frequency>
		<ModulationType>Mod64Qam</ModulationType>
		<SymbolRate>6900</SymbolRate>
	</DVBCTuning>
	<DVBCTuning>
		<Frequency>654000</Frequency>
		<ModulationType>Mod64Qam</ModulationType>
		<SymbolRate>6900</SymbolRate>
	</DVBCTuning>
	<DVBCTuning>
		<Frequency>656000</Frequency>
		<ModulationType>Mod64Qam</ModulationType>
		<SymbolRate>6900</SymbolRate>
	</DVBCTuning>
	<DVBCTuning>
		<Frequency>658000</Frequency>
		<ModulationType>Mod64Qam</ModulationType>
		<SymbolRate>6900</SymbolRate>
	</DVBCTuning>
	<DVBCTuning>
		<Frequency>660000</Frequency>
		<ModulationType>Mod64Qam</ModulationType>
		<SymbolRate>6900</SymbolRate>
	</DVBCTuning>
	<DVBCTuning>
		<Frequency>662000</Frequency>
		<ModulationType>Mod64Qam</ModulationType>
		<SymbolRate>6900</SymbolRate>
	</DVBCTuning>
	<DVBCTuning>
		<Frequency>664000</Frequency>
		<ModulationType>Mod64Qam</ModulationType>
		<SymbolRate>6900</SymbolRate>
	</DVBCTuning>
	<DVBCTuning>
		<Frequency>666000</Frequency>
		<ModulationType>Mod64Qam</ModulationType>
		<SymbolRate>6900</SymbolRate>
	</DVBCTuning>
	<DVBCTuning>
		<Frequency>668000</Frequency>
		<ModulationType>Mod64Qam</ModulationType>
		<SymbolRate>6900</SymbolRate>
	</DVBCTuning>
	<DVBCTuning>
		<Frequency>670000</Frequency>
		<ModulationType>Mod64Qam</ModulationType>
		<SymbolRate>6900</SymbolRate>
	</DVBCTuning>
	<DVBCTuning>
		<Frequency>672000</Frequency>
		<ModulationType>Mod64Qam</ModulationType>
		<SymbolRate>6900</SymbolRate>
	</DVBCTuning>
	<DVBCTuning>
		<Frequency>674000</Frequency>
		<ModulationType>Mod64Qam</ModulationType>
		<SymbolRate>6900</SymbolRate>
	</DVBCTuning>
	<DVBCTuning>
		<Frequency>676000</Frequency>
		<ModulationType>Mod64Qam</ModulationType>
		<SymbolRate>6900</SymbolRate>
	</DVBCTuning>
	<DVBCTuning>
		<Frequency>678000</Frequency>
		<ModulationType>Mod64Qam</ModulationType>
		<SymbolRate>6900</SymbolRate>
	</DVBCTuning>
	<DVBCTuning>
		<Frequency>680000</Frequency>
		<ModulationType>Mod64Qam</ModulationType>
		<SymbolRate>6900</SymbolRate>
	</DVBCTuning>
	<DVBCTuning>
		<Frequency>682000</Frequency>
		<ModulationType>Mod64Qam</ModulationType>
		<SymbolRate>6900</SymbolRate>
	</DVBCTuning>
	<DVBCTuning>
		<Frequency>684000</Frequency>
		<ModulationType>Mod64Qam</ModulationType>
		<SymbolRate>6900</SymbolRate>
	</DVBCTuning>
	<DVBCTuning>
		<Frequency>686000</Frequency>
		<ModulationType>Mod64Qam</ModulationType>
		<SymbolRate>6900</SymbolRate>
	</DVBCTuning>
	<DVBCTuning>
		<Frequency>688000</Frequency>
		<ModulationType>Mod64Qam</ModulationType>
		<SymbolRate>6900</SymbolRate>
	</DVBCTuning>
	<DVBCTuning>
		<Frequency>690000</Frequency>
		<ModulationType>Mod64Qam</ModulationType>
		<SymbolRate>6900</SymbolRate>
	</DVBCTuning>
	<DVBCTuning>
		<Frequency>692000</Frequency>
		<ModulationType>Mod64Qam</ModulationType>
		<SymbolRate>6900</SymbolRate>
	</DVBCTuning>
	<DVBCTuning>
		<Frequency>694000</Frequency>
		<ModulationType>Mod64Qam</ModulationType>
		<SymbolRate>6900</SymbolRate>
	</DVBCTuning>
	<DVBCTuning>
		<Frequency>696000</Frequency>
		<ModulationType>Mod64Qam</ModulationType>
		<SymbolRate>6900</SymbolRate>
	</DVBCTuning>
	<DVBCTuning>
		<Frequency>698000</Frequency>
		<ModulationType>Mod64Qam</ModulationType>
		<SymbolRate>6900</SymbolRate>
	</DVBCTuning>
	<DVBCTuning>
		<Frequency>700000</Frequency>
		<ModulationType>Mod64Qam</ModulationType>
		<SymbolRate>6900</SymbolRate>
	</DVBCTuning>
	<DVBCTuning>
		<Frequency>702000</Frequency>
		<ModulationType>Mod64Qam</ModulationType>
		<SymbolRate>6900</SymbolRate>
	</DVBCTuning>
	<DVBCTuning>
		<Frequency>704000</Frequency>
		<ModulationType>Mod64Qam</ModulationType>
		<SymbolRate>6900</SymbolRate>
	</DVBCTuning>
	<DVBCTuning>
		<Frequency>706000</Frequency>
		<ModulationType>Mod64Qam</ModulationType>
		<SymbolRate>6900</SymbolRate>
	</DVBCTuning>
	<DVBCTuning>
		<Frequency>708000</Frequency>
		<ModulationType>Mod64Qam</ModulationType>
		<SymbolRate>6900</SymbolRate>
	</DVBCTuning>
	<DVBCTuning>
		<Frequency>710000</Frequency>
		<ModulationType>Mod64Qam</ModulationType>
		<SymbolRate>6900</SymbolRate>
	</DVBCTuning>
	<DVBCTuning>
		<Frequency>712000</Frequency>
		<ModulationType>Mod64Qam</ModulationType>
		<SymbolRate>6900</SymbolRate>
	</DVBCTuning>
	<DVBCTuning>
		<Frequency>714000</Frequency>
		<ModulationType>Mod64Qam</ModulationType>
		<SymbolRate>6900</SymbolRate>
	</DVBCTuning>
	<DVBCTuning>
		<Frequency>716000</Frequency>
		<ModulationType>Mod64Qam</ModulationType>
		<SymbolRate>6900</SymbolRate>
	</DVBCTuning>
	<DVBCTuning>
		<Frequency>718000</Frequency>
		<ModulationType>Mod64Qam</ModulationType>
		<SymbolRate>6900</SymbolRate>
	</DVBCTuning>
	<DVBCTuning>
		<Frequency>720000</Frequency>
		<ModulationType>Mod64Qam</ModulationType>
		<SymbolRate>6900</SymbolRate>
	</DVBCTuning>
	<DVBCTuning>
		<Frequency>722000</Frequency>
		<ModulationType>Mod64Qam</ModulationType>
		<SymbolRate>6900</SymbolRate>
	</DVBCTuning>
	<DVBCTuning>
		<Frequency>724000</Frequency>
		<ModulationType>Mod64Qam</ModulationType>
		<SymbolRate>6900</SymbolRate>
	</DVBCTuning>
	<DVBCTuning>
		<Frequency>726000</Frequency>
		<ModulationType>Mod64Qam</ModulationType>
		<SymbolRate>6900</SymbolRate>
	</DVBCTuning>
	<DVBCTuning>
		<Frequency>728000</Frequency>
		<ModulationType>Mod64Qam</ModulationType>
		<SymbolRate>6900</SymbolRate>
	</DVBCTuning>
	<DVBCTuning>
		<Frequency>730000</Frequency>
		<ModulationType>Mod64Qam</ModulationType>
		<SymbolRate>6900</SymbolRate>
	</DVBCTuning>
	<DVBCTuning>
		<Frequency>732000</Frequency>
		<ModulationType>Mod64Qam</ModulationType>
		<SymbolRate>6900</SymbolRate>
	</DVBCTuning>
	<DVBCTuning>
		<Frequency>734000</Frequency>
		<ModulationType>Mod64Qam</ModulationType>
		<SymbolRate>6900</SymbolRate>
	</DVBCTuning>
	<DVBCTuning>
		<Frequency>736000</Frequency>
		<ModulationType>Mod64Qam</ModulationType>
		<SymbolRate>6900</SymbolRate>
	</DVBCTuning>
	<DVBCTuning>
		<Frequency>738000</Frequency>
		<ModulationType>Mod64Qam</ModulationType>
		<SymbolRate>6900</SymbolRate>
	</DVBCTuning>
	<DVBCTuning>
		<Frequency>740000</Frequency>
		<ModulationType>Mod64Qam</ModulationType>
		<SymbolRate>6900</SymbolRate>
	</DVBCTuning>
	<DVBCTuning>
		<Frequency>742000</Frequency>
		<ModulationType>Mod64Qam</ModulationType>
		<SymbolRate>6900</SymbolRate>
	</DVBCTuning>
	<DVBCTuning>
		<Frequency>744000</Frequency>
		<ModulationType>Mod64Qam</ModulationType>
		<SymbolRate>6900</SymbolRate>
	</DVBCTuning>
	<DVBCTuning>
		<Frequency>746000</Frequency>
		<ModulationType>Mod64Qam</ModulationType>
		<SymbolRate>6900</SymbolRate>
	</DVBCTuning>
	<DVBCTuning>
		<Frequency>748000</Frequency>
		<ModulationType>Mod64Qam</ModulationType>
		<SymbolRate>6900</SymbolRate>
	</DVBCTuning>
	<DVBCTuning>
		<Frequency>750000</Frequency>
		<ModulationType>Mod64Qam</ModulationType>
		<SymbolRate>6900</SymbolRate>
	</DVBCTuning>
	<DVBCTuning>
		<Frequency>752000</Frequency>
		<ModulationType>Mod64Qam</ModulationType>
		<SymbolRate>6900</SymbolRate>
	</DVBCTuning>
	<DVBCTuning>
		<Frequency>754000</Frequency>
		<ModulationType>Mod64Qam</ModulationType>
		<SymbolRate>6900</SymbolRate>
	</DVBCTuning>
	<DVBCTuning>
		<Frequency>756000</Frequency>
		<ModulationType>Mod64Qam</ModulationType>
		<SymbolRate>6900</SymbolRate>
	</DVBCTuning>
	<DVBCTuning>
		<Frequency>758000</Frequency>
		<ModulationType>Mod64Qam</ModulationType>
		<SymbolRate>6900</SymbolRate>
	</DVBCTuning>
	<DVBCTuning>
		<Frequency>760000</Frequency>
		<ModulationType>Mod64Qam</ModulationType>
		<SymbolRate>6900</SymbolRate>
	</DVBCTuning>
	<DVBCTuning>
		<Frequency>762000</Frequency>
		<ModulationType>Mod64Qam</ModulationType>
		<SymbolRate>6900</SymbolRate>
	</DVBCTuning>
	<DVBCTuning>
		<Frequency>764000</Frequency>
		<ModulationType>Mod64Qam</ModulationType>
		<SymbolRate>6900</SymbolRate>
	</DVBCTuning>
	<DVBCTuning>
		<Frequency>766000</Frequency>
		<ModulationType>Mod64Qam</ModulationType>
		<SymbolRate>6900</SymbolRate>
	</DVBCTuning>
	<DVBCTuning>
		<Frequency>768000</Frequency>
		<ModulationType>Mod64Qam</ModulationType>
		<SymbolRate>6900</SymbolRate>
	</DVBCTuning>
	<DVBCTuning>
		<Frequency>770000</Frequency>
		<ModulationType>Mod64Qam</ModulationType>
		<SymbolRate>6900</SymbolRate>
	</DVBCTuning>
	<DVBCTuning>
		<Frequency>772000</Frequency>
		<ModulationType>Mod64Qam</ModulationType>
		<SymbolRate>6900</SymbolRate>
	</DVBCTuning>
	<DVBCTuning>
		<Frequency>774000</Frequency>
		<ModulationType>Mod64Qam</ModulationType>
		<SymbolRate>6900</SymbolRate>
	</DVBCTuning>
	<DVBCTuning>
		<Frequency>776000</Frequency>
		<ModulationType>Mod64Qam</ModulationType>
		<SymbolRate>6900</SymbolRate>
	</DVBCTuning>
	<DVBCTuning>
		<Frequency>778000</Frequency>
		<ModulationType>Mod64Qam</ModulationType>
		<SymbolRate>6900</SymbolRate>
	</DVBCTuning>
	<DVBCTuning>
		<Frequency>780000</Frequency>
		<ModulationType>Mod64Qam</ModulationType>
		<SymbolRate>6900</SymbolRate>
	</DVBCTuning>
	<DVBCTuning>
		<Frequency>782000</Frequency>
		<ModulationType>Mod64Qam</ModulationType>
		<SymbolRate>6900</SymbolRate>
	</DVBCTuning>
	<DVBCTuning>
		<Frequency>784000</Frequency>
		<ModulationType>Mod64Qam</ModulationType>
		<SymbolRate>6900</SymbolRate>
	</DVBCTuning>
	<DVBCTuning>
		<Frequency>786000</Frequency>
		<ModulationType>Mod64Qam</ModulationType>
		<SymbolRate>6900</SymbolRate>
	</DVBCTuning>
	<DVBCTuning>
		<Frequency>788000</Frequency>
		<ModulationType>Mod64Qam</ModulationType>
		<SymbolRate>6900</SymbolRate>
	</DVBCTuning>
	<DVBCTuning>
		<Frequency>790000</Frequency>
		<ModulationType>Mod64Qam</ModulationType>
		<SymbolRate>6900</SymbolRate>
	</DVBCTuning>
	<DVBCTuning>
		<Frequency>792000</Frequency>
		<ModulationType>Mod64Qam</ModulationType>
		<SymbolRate>6900</SymbolRate>
	</DVBCTuning>
	<DVBCTuning>
		<Frequency>794000</Frequency>
		<ModulationType>Mod64Qam</ModulationType>
		<SymbolRate>6900</SymbolRate>
	</DVBCTuning>
	<DVBCTuning>
		<Frequency>796000</Frequency>
		<ModulationType>Mod64Qam</ModulationType>
		<SymbolRate>6900</SymbolRate>
	</DVBCTuning>
	<DVBCTuning>
		<Frequency>798000</Frequency>
		<ModulationType>Mod64Qam</ModulationType>
		<SymbolRate>6900</SymbolRate>
	</DVBCTuning>
	<DVBCTuning>
		<Frequency>800000</Frequency>
		<ModulationType>Mod64Qam</ModulationType>
		<SymbolRate>6900</SymbolRate>
	</DVBCTuning>
	<DVBCTuning>
		<Frequency>802000</Frequency>
		<ModulationType>Mod64Qam</ModulationType>
		<SymbolRate>6900</SymbolRate>
	</DVBCTuning>
	<DVBCTuning>
		<Frequency>804000</Frequency>
		<ModulationType>Mod64Qam</ModulationType>
		<SymbolRate>6900</SymbolRate>
	</DVBCTuning>
	<DVBCTuning>
		<Frequency>806000</Frequency>
		<ModulationType>Mod64Qam</ModulationType>
		<SymbolRate>6900</SymbolRate>
	</DVBCTuning>
	<DVBCTuning>
		<Frequency>808000</Frequency>
		<ModulationType>Mod64Qam</ModulationType>
		<SymbolRate>6900</SymbolRate>
	</DVBCTuning>
	<DVBCTuning>
		<Frequency>810000</Frequency>
		<ModulationType>Mod64Qam</ModulationType>
		<SymbolRate>6900</SymbolRate>
	</DVBCTuning>
	<DVBCTuning>
		<Frequency>812000</Frequency>
		<ModulationType>Mod64Qam</ModulationType>
		<SymbolRate>6900</SymbolRate>
	</DVBCTuning>
	<DVBCTuning>
		<Frequency>814000</Frequency>
		<ModulationType>Mod64Qam</ModulationType>
		<SymbolRate>6900</SymbolRate>
	</DVBCTuning>
	<DVBCTuning>
		<Frequency>816000</Frequency>
		<ModulationType>Mod64Qam</ModulationType>
		<SymbolRate>6900</SymbolRate>
	</DVBCTuning>
	<DVBCTuning>
		<Frequency>818000</Frequency>
		<ModulationType>Mod64Qam</ModulationType>
		<SymbolRate>6900</SymbolRate>
	</DVBCTuning>
	<DVBCTuning>
		<Frequency>820000</Frequency>
		<ModulationType>Mod64Qam</ModulationType>
		<SymbolRate>6900</SymbolRate>
	</DVBCTuning>
	<DVBCTuning>
		<Frequency>822000</Frequency>
		<ModulationType>Mod64Qam</ModulationType>
		<SymbolRate>6900</SymbolRate>
	</DVBCTuning>
	<DVBCTuning>
		<Frequency>824000</Frequency>
		<ModulationType>Mod64Qam</ModulationType>
		<SymbolRate>6900</SymbolRate>
	</DVBCTuning>
	<DVBCTuning>
		<Frequency>826000</Frequency>
		<ModulationType>Mod64Qam</ModulationType>
		<SymbolRate>6900</SymbolRate>
	</DVBCTuning>
	<DVBCTuning>
		<Frequency>828000</Frequency>
		<ModulationType>Mod64Qam</ModulationType>
		<SymbolRate>6900</SymbolRate>
	</DVBCTuning>
	<DVBCTuning>
		<Frequency>830000</Frequency>
		<ModulationType>Mod64Qam</ModulationType>
		<SymbolRate>6900</SymbolRate>
	</DVBCTuning>
	<DVBCTuning>
		<Frequency>832000</Frequency>
		<ModulationType>Mod64Qam</ModulationType>
		<SymbolRate>6900</SymbolRate>
	</DVBCTuning>
	<DVBCTuning>
		<Frequency>834000</Frequency>
		<ModulationType>Mod64Qam</ModulationType>
		<SymbolRate>6900</SymbolRate>
	</DVBCTuning>
	<DVBCTuning>
		<Frequency>836000</Frequency>
		<ModulationType>Mod64Qam</ModulationType>
		<SymbolRate>6900</SymbolRate>
	</DVBCTuning>
	<DVBCTuning>
		<Frequency>838000</Frequency>
		<ModulationType>Mod64Qam</ModulationType>
		<SymbolRate>6900</SymbolRate>
	</DVBCTuning>
	<DVBCTuning>
		<Frequency>840000</Frequency>
		<ModulationType>Mod64Qam</ModulationType>
		<SymbolRate>6900</SymbolRate>
	</DVBCTuning>
	<DVBCTuning>
		<Frequency>842000</Frequency>
		<ModulationType>Mod64Qam</ModulationType>
		<SymbolRate>6900</SymbolRate>
	</DVBCTuning>
	<DVBCTuning>
		<Frequency>844000</Frequency>
		<ModulationType>Mod64Qam</ModulationType>
		<SymbolRate>6900</SymbolRate>
	</DVBCTuning>
	<DVBCTuning>
		<Frequency>846000</Frequency>
		<ModulationType>Mod64Qam</ModulationType>
		<SymbolRate>6900</SymbolRate>
	</DVBCTuning>
	<DVBCTuning>
		<Frequency>848000</Frequency>
		<ModulationType>Mod64Qam</ModulationType>
		<SymbolRate>6900</SymbolRate>
	</DVBCTuning>
	<DVBCTuning>
		<Frequency>850000</Frequency>
		<ModulationType>Mod64Qam</ModulationType>
		<SymbolRate>6900</SymbolRate>
	</DVBCTuning>
	<DVBCTuning>
		<Frequency>852000</Frequency>
		<ModulationType>Mod64Qam</ModulationType>
		<SymbolRate>6900</SymbolRate>
	</DVBCTuning>
	<DVBCTuning>
		<Frequency>854000</Frequency>
		<ModulationType>Mod64Qam</ModulationType>
		<SymbolRate>6900</SymbolRate>
	</DVBCTuning>
	<DVBCTuning>
		<Frequency>856000</Frequency>
		<ModulationType>Mod64Qam</ModulationType>
		<SymbolRate>6900</SymbolRate>
	</DVBCTuning>
	<DVBCTuning>
		<Frequency>858000</Frequency>
		<ModulationType>Mod64Qam</ModulationType>
		<SymbolRate>6900</SymbolRate>
	</DVBCTuning>
	<DVBCTuning>
		<Frequency>860000</Frequency>
		<ModulationType>Mod64Qam</ModulationType>
		<SymbolRate>6900</SymbolRate>
	</DVBCTuning>
	<DVBCTuning>
		<Frequency>862000</Frequency>
		<ModulationType>Mod64Qam</ModulationType>
		<SymbolRate>6900</SymbolRate>
	</DVBCTuning>
	<DVBCTuning>
		<Frequency>864000</Frequency>
		<ModulationType>Mod64Qam</ModulationType>
		<SymbolRate>6900</SymbolRate>
	</DVBCTuning>
	<DVBCTuning>
		<Frequency>866000</Frequency>
		<ModulationType>Mod64Qam</ModulationType>
		<SymbolRate>6900</SymbolRate>
	</DVBCTuning>
	<DVBCTuning>
		<Frequency>868000</Frequency>
		<ModulationType>Mod64Qam</ModulationType>
		<SymbolRate>6900</SymbolRate>
	</DVBCTuning>
	<DVBCTuning>
		<Frequency>870000</Frequency>
		<ModulationType>Mod64Qam</ModulationType>
		<SymbolRate>6900</SymbolRate>
	</DVBCTuning>
	<DVBCTuning>
		<Frequency>872000</Frequency>
		<ModulationType>Mod64Qam</ModulationType>
		<SymbolRate>6900</SymbolRate>
	</DVBCTuning>
	<DVBCTuning>
		<Frequency>874000</Frequency>
		<ModulationType>Mod64Qam</ModulationType>
		<SymbolRate>6900</SymbolRate>
	</DVBCTuning>
	<DVBCTuning>
		<Frequency>876000</Frequency>
		<ModulationType>Mod64Qam</ModulationType>
		<SymbolRate>6900</SymbolRate>
	</DVBCTuning>
	<DVBCTuning>
		<Frequency>878000</Frequency>
		<ModulationType>Mod64Qam</ModulationType>
		<SymbolRate>6900</SymbolRate>
	</DVBCTuning>
	<DVBCTuning>
		<Frequency>880000</Frequency>
		<ModulationType>Mod64Qam</ModulationType>
		<SymbolRate>6900</SymbolRate>
	</DVBCTuning>
	<DVBCTuning>
		<Frequency>882000</Frequency>
		<ModulationType>Mod64Qam</ModulationType>
		<SymbolRate>6900</SymbolRate>
	</DVBCTuning>
	<DVBCTuning>
		<Frequency>884000</Frequency>
		<ModulationType>Mod64Qam</ModulationType>
		<SymbolRate>6900</SymbolRate>
	</DVBCTuning>
	<DVBCTuning>
		<Frequency>886000</Frequency>
		<ModulationType>Mod64Qam</ModulationType>
		<SymbolRate>6900</SymbolRate>
	</DVBCTuning>
	<DVBCTuning>
		<Frequency>888000</Frequency>
		<ModulationType>Mod64Qam</ModulationType>
		<SymbolRate>6900</SymbolRate>
	</DVBCTuning>
	<DVBCTuning>
		<Frequency>890000</Frequency>
		<ModulationType>Mod64Qam</ModulationType>
		<SymbolRate>6900</SymbolRate>
	</DVBCTuning>
	<DVBCTuning>
		<Frequency>892000</Frequency>
		<ModulationType>Mod64Qam</ModulationType>
		<SymbolRate>6900</SymbolRate>
	</DVBCTuning>
	<DVBCTuning>
		<Frequency>894000</Frequency>
		<ModulationType>Mod64Qam</ModulationType>
		<SymbolRate>6900</SymbolRate>
	</DVBCTuning>
	<DVBCTuning>
		<Frequency>896000</Frequency>
		<ModulationType>Mod64Qam</ModulationType>
		<SymbolRate>6900</SymbolRate>
	</DVBCTuning>
	<DVBCTuning>
		<Frequency>898000</Frequency>
		<ModulationType>Mod64Qam</ModulationType>
		<SymbolRate>6900</SymbolRate>
	</DVBCTuning>
	<DVBCTuning>
		<Frequency>900000</Frequency>
		<ModulationType>Mod64Qam</ModulationType>
		<SymbolRate>6900</SymbolRate>
	</DVBCTuning>
</ArrayOfDVBCTuning>