<?xml version="1.0" encoding="UTF-8" standalone="yes"?>
<ArrayOfDVBCTuning xmlns:xsi="http://www.w3.org/2001/XMLSchema-instance">
	<DVBCTuning>
		<Frequency>450000</Frequency>
		<ModulationType>Mod64Qam</ModulationType>
		<SymbolRate>6900</SymbolRate>
	</DVBCTuning>
	<DVBCTuning>
		<Frequency>306000</Frequency>
		<ModulationType>Mod256Qam</ModulationType>
		<SymbolRate>6900</SymbolRate>
	</DVBCTuning>
	<DVBCTuning>
		<Frequency>314000</Frequency>
		<ModulationType>Mod256Qam</ModulationType>
		<SymbolRate>6900</SymbolRate>
	</DVBCTuning>
	<DVBCTuning>
		<Frequency>322000</Frequency>
		<ModulationType>Mod256Qam</ModulationType>
		<SymbolRate>6900</SymbolRate>
	</DVBCTuning>
	<DVBCTuning>
		<Frequency>338000</Frequency>
		<ModulationType>Mod256Qam</ModulationType>
		<SymbolRate>6900</SymbolRate>
	</DVBCTuning>
	<DVBCTuning>
		<Frequency>346000</Frequency>
		<ModulationType>Mod256Qam</ModulationType>
		<SymbolRate>6900</SymbolRate>
	</DVBCTuning>
	<DVBCTuning>
		<Frequency>354000</Frequency>
		<ModulationType>Mod256Qam</ModulationType>
		<SymbolRate>6900</SymbolRate>
	</DVBCTuning>
	<DVBCTuning>
		<Frequency>362000</Frequency>
		<ModulationType>Mod256Qam</ModulationType>
		<SymbolRate>6900</SymbolRate>
	</DVBCTuning>
	<DVBCTuning>
		<Frequency>370000</Frequency>
		<ModulationType>Mod256Qam</ModulationType>
		<SymbolRate>6900</SymbolRate>
	</DVBCTuning>
	<DVBCTuning>
		<Frequency>378000</Frequency>
		<ModulationType>Mod256Qam</ModulationType>
		<SymbolRate>6900</SymbolRate>
	</DVBCTuning>
	<DVBCTuning>
		<Frequency>386000</Frequency>
		<ModulationType>Mod256Qam</ModulationType>
		<SymbolRate>6900</SymbolRate>
	</DVBCTuning>
	<DVBCTuning>
		<Frequency>394000</Frequency>
		<ModulationType>Mod256Qam</ModulationType>
		<SymbolRate>6900</SymbolRate>
	</DVBCTuning>
	<DVBCTuning>
		<Frequency>410000</Frequency>
		<ModulationType>Mod256Qam</ModulationType>
		<SymbolRate>6900</SymbolRate>
	</DVBCTuning>
	<DVBCTuning>
		<Frequency>418000</Frequency>
		<ModulationType>Mod256Qam</ModulationType>
		<SymbolRate>6900</SymbolRate>
	</DVBCTuning>
	<DVBCTuning>
		<Frequency>426000</Frequency>
		<ModulationType>Mod256Qam</ModulationType>
		<SymbolRate>6900</SymbolRate>
	</DVBCTuning>
	<DVBCTuning>
		<Frequency>434000</Frequency>
		<ModulationType>Mod256Qam</ModulationType>
		<SymbolRate>6900</SymbolRate>
	</DVBCTuning>
	<DVBCTuning>
		<Frequency>442000</Frequency>
		<ModulationType>Mod256Qam</ModulationType>
		<SymbolRate>6900</SymbolRate>
	</DVBCTuning>
	<DVBCTuning>
		<Frequency>458000</Frequency>
		<ModulationType>Mod256Qam</ModulationType>
		<SymbolRate>6900</SymbolRate>
	</DVBCTuning>
	<DVBCTuning>
		<Frequency>466000</Frequency>
		<ModulationType>Mod256Qam</ModulationType>
		<SymbolRate>6900</SymbolRate>
	</DVBCTuning>
	<DVBCTuning>
		<Frequency>474000</Frequency>
		<ModulationType>Mod256Qam</ModulationType>
		<SymbolRate>6900</SymbolRate>
	</DVBCTuning>
	<DVBCTuning>
		<Frequency>490000</Frequency>
		<ModulationType>Mod256Qam</ModulationType>
		<SymbolRate>6900</SymbolRate>
	</DVBCTuning>
	<DVBCTuning>
		<Frequency>498000</Frequency>
		<ModulationType>Mod256Qam</ModulationType>
		<SymbolRate>6900</SymbolRate>
	</DVBCTuning>
	<DVBCTuning>
		<Frequency>506000</Frequency>
		<ModulationType>Mod256Qam</ModulationType>
		<SymbolRate>6900</SymbolRate>
	</DVBCTuning>
	<DVBCTuning>
		<Frequency>514000</Frequency>
		<ModulationType>Mod256Qam</ModulationType>
		<SymbolRate>6900</SymbolRate>
	</DVBCTuning>
	<DVBCTuning>
		<Frequency>522000</Frequency>
		<ModulationType>Mod256Qam</ModulationType>
		<SymbolRate>6900</SymbolRate>
	</DVBCTuning>
	<DVBCTuning>
		<Frequency>530000</Frequency>
		<ModulationType>Mod256Qam</ModulationType>
		<SymbolRate>6900</SymbolRate>
	</DVBCTuning>
	<DVBCTuning>
		<Frequency>538000</Frequency>
		<ModulationType>Mod256Qam</ModulationType>
		<SymbolRate>6900</SymbolRate>
	</DVBCTuning>
	<DVBCTuning>
		<Frequency>546000</Frequency>
		<ModulationType>Mod256Qam</ModulationType>
		<SymbolRate>6900</SymbolRate>
	</DVBCTuning>
	<DVBCTuning>
		<Frequency>570000</Frequency>
		<ModulationType>Mod256Qam</ModulationType>
		<SymbolRate>6900</SymbolRate>
	</DVBCTuning>
	<DVBCTuning>
		<Frequency>578000</Frequency>
		<ModulationType>Mod256Qam</ModulationType>
		<SymbolRate>6900</SymbolRate>
	</DVBCTuning>
	<DVBCTuning>
		<Frequency>594000</Frequency>
		<ModulationType>Mod256Qam</ModulationType>
		<SymbolRate>6900</SymbolRate>
	</DVBCTuning>
	<DVBCTuning>
		<Frequency>602000</Frequency>
		<ModulationType>Mod256Qam</ModulationType>
		<SymbolRate>6900</SymbolRate>
	</DVBCTuning>
	<DVBCTuning>
		<Frequency>610000</Frequency>
		<ModulationType>Mod256Qam</ModulationType>
		<SymbolRate>6900</SymbolRate>
	</DVBCTuning>
	<DVBCTuning>
		<Frequency>618000</Frequency>
		<ModulationType>Mod256Qam</ModulationType>
		<SymbolRate>6900</SymbolRate>
	</DVBCTuning>
	<DVBCTuning>
		<Frequency>626000</Frequency>
		<ModulationType>Mod256Qam</ModulationType>
		<SymbolRate>6900</SymbolRate>
	</DVBCTuning>
	<DVBCTuning>
		<Frequency>642000</Frequency>
		<ModulationType>Mod256Qam</ModulationType>
		<SymbolRate>6900</SymbolRate>
	</DVBCTuning>
	<DVBCTuning>
		<Frequency>658000</Frequency>
		<ModulationType>Mod256Qam</ModulationType>
		<SymbolRate>6900</SymbolRate>
	</DVBCTuning>
	<DVBCTuning>
		<Frequency>666000</Frequency>
		<ModulationType>Mod256Qam</ModulationType>
		<SymbolRate>6900</SymbolRate>
	</DVBCTuning>
	<DVBCTuning>
		<Frequency>674000</Frequency>
		<ModulationType>Mod256Qam</ModulationType>
		<SymbolRate>6900</SymbolRate>
	</DVBCTuning>
	<DVBCTuning>
		<Frequency>682000</Frequency>
		<ModulationType>Mod256Qam</ModulationType>
		<SymbolRate>6900</SymbolRate>
	</DVBCTuning>
	<DVBCTuning>
		<Frequency>722000</Frequency>
		<ModulationType>Mod256Qam</ModulationType>
		<SymbolRate>6900</SymbolRate>
	</DVBCTuning>
	<DVBCTuning>
		<Frequency>842000</Frequency>
		<ModulationType>Mod256Qam</ModulationType>
		<SymbolRate>6900</SymbolRate>
	</DVBCTuning>
	<DVBCTuning>
		<Frequency>850000</Frequency>
		<ModulationType>Mod256Qam</ModulationType>
		<SymbolRate>6900</SymbolRate>
	</DVBCTuning>
</ArrayOfDVBCTuning>