﻿<?xml version="1.0" encoding="utf-8"?>
<ArrayOfDVBCTuning>
  <!--Created on 2011-12-29 12:01-->
  <DVBCTuning>
    <!--Transponder ID 101 with channels Nederland 1,Nederland 2,Nederland 3,TV West,TV West-->
    <Frequency>538000</Frequency>
    <ModulationType>Mod64Qam</ModulationType>
    <SymbolRate>6900</SymbolRate>
  </DVBCTuning>
  <DVBCTuning>
    <!--Transponder ID 102 with channels BravaNL,Één,Ketnet/Canvas,TV Rijnmond,Nickelodeon,Omroep Brabant-->
    <Frequency>554000</Frequency>
    <ModulationType>Mod64Qam</ModulationType>
    <SymbolRate>6900</SymbolRate>
  </DVBCTuning>
  <DVBCTuning>
    <!--Transponder ID 103 with channels SBS 6,NET5,Kindernet/Comedy Central,Veronica/DisneyXD,RTL8-->
    <Frequency>642000</Frequency>
    <ModulationType>Mod64Qam</ModulationType>
    <SymbolRate>6900</SymbolRate>
  </DVBCTuning>
  <DVBCTuning>
    <!--Transponder ID 104 with channels RTL4,RTL5,Net5 HD,RTL7-->
    <Frequency>658000</Frequency>
    <ModulationType>Mod64Qam</ModulationType>
    <SymbolRate>6900</SymbolRate>
  </DVBCTuning>
  <DVBCTuning>
    <!--Transponder ID 105 with channels Hilversum Best 24,Pebble TV,BBC World,euronews,CNN International,TRT Turk,Xite,Consumenten 24-->
    <Frequency>778000</Frequency>
    <ModulationType>Mod64Qam</ModulationType>
    <SymbolRate>6900</SymbolRate>
  </DVBCTuning>
  <DVBCTuning>
    <!--Transponder ID 106 with channels BBC One,BBC Two,GoedTV,RTM1,Mezzo,Journaal 24,VH1 Classic,Tweede Kamer TV-->
    <Frequency>570000</Frequency>
    <ModulationType>Mod64Qam</ModulationType>
    <SymbolRate>6900</SymbolRate>
  </DVBCTuning>
  <DVBCTuning>
    <!--Transponder ID 107 with channels Animal Planet/TLC,Discovery Channel,Weer en Verkeer,Gemeente Westland TV,TV Utrecht,TV Polonia,TV Noord-Holland,TV5 Monde,192TV-->
    <Frequency>682000</Frequency>
    <ModulationType>Mod64Qam</ModulationType>
    <SymbolRate>6900</SymbolRate>
  </DVBCTuning>
  <DVBCTuning>
    <!--Transponder ID 108 with channels Family7,Showroom,MTV NL,ZDF,Das Erste,Sterren.nl,Spirit24-->
    <Frequency>706000</Frequency>
    <ModulationType>Mod64Qam</ModulationType>
    <SymbolRate>6900</SymbolRate>
  </DVBCTuning>
  <DVBCTuning>
    <!--Transponder ID 109 with channels Eurosport 2,Cultura 24,AT5,ARD Das Erste HD,MGM Movie Channel-->
    <Frequency>650000</Frequency>
    <ModulationType>Mod64Qam</ModulationType>
    <SymbolRate>6900</SymbolRate>
  </DVBCTuning>
  <DVBCTuning>
    <!--Transponder ID 110 with channels ATV,NostalgieNet,Bloomberg Television,3SAT,Canal 24 Horas,RTBF La Deux,ARTE-->
    <Frequency>730000</Frequency>
    <ModulationType>Mod64Qam</ModulationType>
    <SymbolRate>6900</SymbolRate>
  </DVBCTuning>
  <DVBCTuning>
    <!--Transponder ID 111 with channels Haberturk,Eredivisie Live Extra2,Eredivisie Live Extra3,STV,BBC Entertainment,Playboy TV,WDR-->
    <Frequency>674000</Frequency>
    <ModulationType>Mod64Qam</ModulationType>
    <SymbolRate>6900</SymbolRate>
  </DVBCTuning>
  <DVBCTuning>
    <!--Transponder ID 112 with channels Sport1 Extra 2,Sport1 Live,Sport1 Golf,Sport1 Tennis,Sport1 Extra 1,Sport1 Extra 3-->
    <Frequency>738000</Frequency>
    <ModulationType>Mod64Qam</ModulationType>
    <SymbolRate>6900</SymbolRate>
  </DVBCTuning>
  <DVBCTuning>
    <!--Transponder ID 113 with channels CNN Turk,Motors TV,Euro D,Nautical Channel,Fashion TV,Fine Living Network,Zone Reality,Extreme Sports-->
    <Frequency>786000</Frequency>
    <ModulationType>Mod64Qam</ModulationType>
    <SymbolRate>6900</SymbolRate>
  </DVBCTuning>
  <DVBCTuning>
    <!--Transponder ID 114 with channels Nederland 1 HD,Private Spice,Holland Doc 24,Set Asia,Geschiedenis 24,X-MO,Hustler TV-->
    <Frequency>306000</Frequency>
    <ModulationType>Mod64Qam</ModulationType>
    <SymbolRate>6900</SymbolRate>
  </DVBCTuning>
  <DVBCTuning>
    <!--Transponder ID 115 with channels WOS,Regio TV InfoThuis-->
    <Frequency>546000</Frequency>
    <ModulationType>Mod64Qam</ModulationType>
    <SymbolRate>6900</SymbolRate>
  </DVBCTuning>
  <DVBCTuning>
    <!--Transponder ID 116 with channels Comedy Central Family,TMF Pure,BBC Three/CBBC,BBC Four/Cbeebies,Eredivisie Live Hoofdkanaal,Eredivisie Live Extra1-->
    <Frequency>842000</Frequency>
    <ModulationType>Mod64Qam</ModulationType>
    <SymbolRate>6900</SymbolRate>
  </DVBCTuning>
  <DVBCTuning>
    <!--Transponder ID 117 with channels Film1 Premiere +1,Film1 Premiere,Film1 Family,Film1 Festival,Film1 Action-->
    <Frequency>530000</Frequency>
    <ModulationType>Mod64Qam</ModulationType>
    <SymbolRate>6900</SymbolRate>
  </DVBCTuning>
  <DVBCTuning>
    <!--Transponder ID 118 with channels Phoenix CNE,Travel Channel,CNBC Europe,ESPN Classic,Omroep Flevoland,ESPN America,Baby TV,TCM-->
    <Frequency>698000</Frequency>
    <ModulationType>Mod64Qam</ModulationType>
    <SymbolRate>6900</SymbolRate>
  </DVBCTuning>
  <DVBCTuning>
    <!--Transponder ID 119 with channels JCTV,TBN Europe,The Church Channel,Sundance Channel,Boomerang,Disc. World,Disc. Science,Investigation Discovery,13th Street-->
    <Frequency>714000</Frequency>
    <ModulationType>Mod64Qam</ModulationType>
    <SymbolRate>6900</SymbolRate>
  </DVBCTuning>
  <DVBCTuning>
    <!--Transponder ID 120 with channels BravaHDTV,MTV Brand New,TMF NL,TMF Dance,Nick Jr-->
    <Frequency>666000</Frequency>
    <ModulationType>Mod64Qam</ModulationType>
    <SymbolRate>6900</SymbolRate>
  </DVBCTuning>
  <DVBCTuning>
    <!--Transponder ID 121 with channels CarChannel,Nick Toons,EuroStar,SLAM!TV,TGRT EU,Nick Hits,History,RTL Crime-->
    <Frequency>634000</Frequency>
    <ModulationType>Mod64Qam</ModulationType>
    <SymbolRate>6900</SymbolRate>
  </DVBCTuning>
  <DVBCTuning>
    <!--Transponder ID 122 with channels CCTV9,TV Gelderland,FOX News Channel,Dorcel TV,Out TV,Syfy,RAI Uno,MTV Rocks,VH1,France 3-->
    <Frequency>626000</Frequency>
    <ModulationType>Mod64Qam</ModulationType>
    <SymbolRate>6900</SymbolRate>
  </DVBCTuning>
  <DVBCTuning>
    <!--Transponder ID 123 with channels La Une,ProSieben,Sat1,NDR,RTL Lounge,RTM5 Al Maghribiya,ducktv,MBC-->
    <Frequency>690000</Frequency>
    <ModulationType>Mod64Qam</ModulationType>
    <SymbolRate>6900</SymbolRate>
  </DVBCTuning>
  <DVBCTuning>
    <!--Transponder ID 124 with channels myZen.tv,NTV,Dusk!,DreamTurk,BBC HD-->
    <Frequency>834000</Frequency>
    <ModulationType>Mod64Qam</ModulationType>
    <SymbolRate>6900</SymbolRate>
  </DVBCTuning>
  <DVBCTuning>
    <!--Transponder ID 125 with channels Film1 Premiere HD,Sport1 Live HD-->
    <Frequency>314000</Frequency>
    <ModulationType>Mod64Qam</ModulationType>
    <SymbolRate>6900</SymbolRate>
  </DVBCTuning>
  <DVBCTuning>
    <!--Transponder ID 126 with channels Nat Geo Wild,Z@ppelin/Z@pp 24,Kral TV,Kaze TV,Politiek 24,Lite TV,France 2,TV Oranje-->
    <Frequency>618000</Frequency>
    <ModulationType>Mod64Qam</ModulationType>
    <SymbolRate>6900</SymbolRate>
  </DVBCTuning>
  <DVBCTuning>
    <!--Transponder ID 127 with channels NGC HD,24Kitchen,Al Jazeera,EWTN,Planet Turk,Food Network Channel-->
    <Frequency>746000</Frequency>
    <ModulationType>Mod64Qam</ModulationType>
    <SymbolRate>6900</SymbolRate>
  </DVBCTuning>
  <DVBCTuning>
    <!--Transponder ID 128 with channels E! Entertainment,JimJam,Cartoon Network,France 24-->
    <Frequency>754000</Frequency>
    <ModulationType>Mod64Qam</ModulationType>
    <SymbolRate>6900</SymbolRate>
  </DVBCTuning>
  <DVBCTuning>
    <!--Transponder ID 129 with channels TVE Internaçional,TV Noord,TV Oost,Omrop Fryslan,L1,TV Drenthe,Omroep Zeeland,Eredivisie Live Hoofdkanaal HD-->
    <Frequency>794000</Frequency>
    <ModulationType>Mod64Qam</ModulationType>
    <SymbolRate>6900</SymbolRate>
  </DVBCTuning>
  <DVBCTuning>
    <!--Transponder ID 130 with channels Al Jazeera Kids,Eredivisie Live Extra2 HD,History HD-->
    <Frequency>802000</Frequency>
    <ModulationType>Mod64Qam</ModulationType>
    <SymbolRate>6900</SymbolRate>
  </DVBCTuning>
  <DVBCTuning>
    <!--Transponder ID 131 with channels RTL Television,FOXLife,NHK World,MTV Live HD-->
    <Frequency>810000</Frequency>
    <ModulationType>Mod64Qam</ModulationType>
    <SymbolRate>6900</SymbolRate>
  </DVBCTuning>
  <DVBCTuning>
    <!--Transponder ID 132 with channels Sundance Channel HD,Mezzo Live HD,FTV HD,Eurosport HD-->
    <Frequency>610000</Frequency>
    <ModulationType>Mod64Qam</ModulationType>
    <SymbolRate>6900</SymbolRate>
  </DVBCTuning>
  <DVBCTuning>
    <!--Transponder ID 133 with channels Nederland 2 HD,Nederland 3 HD,Humor TV 24,101 TV-->
    <Frequency>354000</Frequency>
    <ModulationType>Mod64Qam</ModulationType>
    <SymbolRate>6900</SymbolRate>
  </DVBCTuning>
  <DVBCTuning>
    <!--Transponder ID 134 with channels Caiway Informatie HD,RTL4 HD,RTL5 HD-->
    <Frequency>586000</Frequency>
    <ModulationType>Mod64Qam</ModulationType>
    <SymbolRate>6900</SymbolRate>
  </DVBCTuning>
  <DVBCTuning>
    <!--Transponder ID 135 with channels Een HD,Ketnet/Canvas HD,Eredivisie Live Extra1 HD,Caiway informatie SD-->
    <Frequency>578000</Frequency>
    <ModulationType>Mod64Qam</ModulationType>
    <SymbolRate>6900</SymbolRate>
  </DVBCTuning>
  <DVBCTuning>
    <!--Transponder ID 136 with channels RTL7 HD,RTL8 HD,Eurosport,NGC-->
    <Frequency>362000</Frequency>
    <ModulationType>Mod64Qam</ModulationType>
    <SymbolRate>6900</SymbolRate>
  </DVBCTuning>
  <DVBCTuning>
    <!--Transponder ID 137 with channels Food Network Channel HD,Penthouse HD-->
    <Frequency>322000</Frequency>
    <ModulationType>Mod64Qam</ModulationType>
    <SymbolRate>6900</SymbolRate>
  </DVBCTuning>
  <DVBCTuning>
    <!--Transponder ID 138 with channels Veronica/DisneyXD HD,SBS6 HD-->
    <Frequency>330000</Frequency>
    <ModulationType>Mod64Qam</ModulationType>
    <SymbolRate>6900</SymbolRate>
  </DVBCTuning>
  <DVBCTuning>
    <!--Transponder ID 139 with channels Eredivisie Live Extra3 HD,Animal Planet HD-->
    <Frequency>338000</Frequency>
    <ModulationType>Mod64Qam</ModulationType>
    <SymbolRate>6900</SymbolRate>
  </DVBCTuning>
  <DVBCTuning>
    <!--Transponder ID 140 with channels Arte HD,ZDF HD-->
    <Frequency>346000</Frequency>
    <ModulationType>Mod64Qam</ModulationType>
    <SymbolRate>6900</SymbolRate>
  </DVBCTuning>
  <DVBCTuning>
    <!--Transponder ID 141 with channels -->
    <Frequency>370000</Frequency>
    <ModulationType>Mod64Qam</ModulationType>
    <SymbolRate>6900</SymbolRate>
  </DVBCTuning>
  <DVBCTuning>
    <!--Transponder ID 142 with channels Penthouse HD1,Penthouse HD2-->
    <Frequency>378000</Frequency>
    <ModulationType>Mod64Qam</ModulationType>
    <SymbolRate>6900</SymbolRate>
  </DVBCTuning>
  <DVBCTuning>
    <!--Transponder ID 143 with channels BBC One HD-->
    <Frequency>386000</Frequency>
    <ModulationType>Mod64Qam</ModulationType>
    <SymbolRate>6900</SymbolRate>
  </DVBCTuning>
  <DVBCTuning>
    <!--Transponder ID 144 with channels STAR Plus,STAR Gold,STAR News,STAR One-->
    <Frequency>850000</Frequency>
    <ModulationType>Mod64Qam</ModulationType>
    <SymbolRate>6900</SymbolRate>
  </DVBCTuning>
  <DVBCTuning>
    <!--Transponder ID 199 with channels XLnt iRadio Hits,CAIW Testbeeld,XLnt iRadio NL,XLnt iRadio Easy Listening,XLnt iRadio Rock,XLnt iRadio Oldies,XLnt iRadio Klassiek-->
    <Frequency>165000</Frequency>
    <ModulationType>Mod64Qam</ModulationType>
    <SymbolRate>6900</SymbolRate>
  </DVBCTuning>
</ArrayOfDVBCTuning>