<?xml version="1.0" encoding="utf-8"?>
<ArrayOfDVBCTuning xmlns:xsi="http://www.w3.org/2001/XMLSchema-instance" xmlns:xsd="http://www.w3.org/2001/XMLSchema">
  <DVBCTuning>
    <Frequency>404000</Frequency>
    <ModulationType>Mod64Qam</ModulationType>
    <SymbolRate>6875</SymbolRate>
  </DVBCTuning>
  <DVBCTuning>
    <Frequency>412000</Frequency>
    <ModulationType>Mod64Qam</ModulationType>
    <SymbolRate>6875</SymbolRate>
  </DVBCTuning>
  <DVBCTuning>
    <Frequency>420000</Frequency>
    <ModulationType>Mod64Qam</ModulationType>
    <SymbolRate>6875</SymbolRate>
  </DVBCTuning>
  <DVBCTuning>
    <Frequency>428000</Frequency>
    <ModulationType>Mod64Qam</ModulationType>
    <SymbolRate>6875</SymbolRate>
  </DVBCTuning>
  <DVBCTuning>
    <Frequency>436000</Frequency>
    <ModulationType>Mod64Qam</ModulationType>
    <SymbolRate>6875</SymbolRate>
  </DVBCTuning>
  <DVBCTuning>
    <Frequency>444000</Frequency>
    <ModulationType>Mod64Qam</ModulationType>
    <SymbolRate>6875</SymbolRate>
  </DVBCTuning>
  <DVBCTuning>
    <Frequency>514000</Frequency>
    <ModulationType>Mod64Qam</ModulationType>
    <SymbolRate>6875</SymbolRate>
  </DVBCTuning>
  <DVBCTuning>
    <Frequency>746750</Frequency>
    <ModulationType>Mod64Qam</ModulationType>
    <SymbolRate>6875</SymbolRate>
  </DVBCTuning>
  <DVBCTuning>
    <Frequency>674750</Frequency>
    <ModulationType>Mod64Qam</ModulationType>
    <SymbolRate>6875</SymbolRate>
  </DVBCTuning>
  <DVBCTuning>
    <Frequency>754750</Frequency>
    <ModulationType>Mod256Qam</ModulationType>
    <SymbolRate>6875</SymbolRate>
  </DVBCTuning>
  <DVBCTuning>
    <Frequency>476000</Frequency>
    <ModulationType>Mod256Qam</ModulationType>
    <SymbolRate>6875</SymbolRate>
  </DVBCTuning>
  <DVBCTuning>
    <Frequency>546750</Frequency>
    <ModulationType>Mod256Qam</ModulationType>
    <SymbolRate>6875</SymbolRate>
  </DVBCTuning>
  <DVBCTuning>
    <Frequency>626750</Frequency>
    <ModulationType>Mod256Qam</ModulationType>
    <SymbolRate>6875</SymbolRate>
  </DVBCTuning>
  <DVBCTuning>
    <Frequency>634750</Frequency>
    <ModulationType>Mod256Qam</ModulationType>
    <SymbolRate>6875</SymbolRate>
  </DVBCTuning>
  <DVBCTuning>
    <Frequency>666750</Frequency>
    <ModulationType>Mod256Qam</ModulationType>
    <SymbolRate>6875</SymbolRate>
  </DVBCTuning>
  <DVBCTuning>
    <Frequency>578750</Frequency>
    <ModulationType>Mod64Qam</ModulationType>
    <SymbolRate>6875</SymbolRate>
  </DVBCTuning>
  <DVBCTuning>
    <Frequency>586750</Frequency>
    <ModulationType>Mod64Qam</ModulationType>
    <SymbolRate>6875</SymbolRate>
  </DVBCTuning>
  <DVBCTuning>
    <Frequency>642750</Frequency>
    <ModulationType>Mod64Qam</ModulationType>
    <SymbolRate>6875</SymbolRate>
  </DVBCTuning>
  <DVBCTuning>
    <Frequency>658750</Frequency>
    <ModulationType>Mod64Qam</ModulationType>
    <SymbolRate>6875</SymbolRate>
  </DVBCTuning>
  <DVBCTuning>
    <Frequency>682750</Frequency>
    <ModulationType>Mod64Qam</ModulationType>
    <SymbolRate>6875</SymbolRate>
  </DVBCTuning>
  <DVBCTuning>
    <Frequency>706750</Frequency>
    <ModulationType>Mod64Qam</ModulationType>
    <SymbolRate>6875</SymbolRate>
  </DVBCTuning>
  <DVBCTuning>
    <Frequency>714750</Frequency>
    <ModulationType>Mod64Qam</ModulationType>
    <SymbolRate>6875</SymbolRate>
  </DVBCTuning>
  <DVBCTuning>
    <Frequency>722750</Frequency>
    <ModulationType>Mod64Qam</ModulationType>
    <SymbolRate>6875</SymbolRate>
  </DVBCTuning>
  <DVBCTuning>
    <Frequency>762750</Frequency>
    <ModulationType>Mod64Qam</ModulationType>
    <SymbolRate>6875</SymbolRate>
  </DVBCTuning>
  <DVBCTuning>
    <Frequency>794750</Frequency>
    <ModulationType>Mod64Qam</ModulationType>
    <SymbolRate>6875</SymbolRate>
  </DVBCTuning>
  <DVBCTuning>
    <Frequency>826750</Frequency>
    <ModulationType>Mod64Qam</ModulationType>
    <SymbolRate>6875</SymbolRate>
  </DVBCTuning>
  <DVBCTuning>
    <Frequency>570750</Frequency>
    <ModulationType>Mod64Qam</ModulationType>
    <SymbolRate>6875</SymbolRate>
  </DVBCTuning>
  <DVBCTuning>
    <Frequency>650750</Frequency>
    <ModulationType>Mod64Qam</ModulationType>
    <SymbolRate>6875</SymbolRate>
  </DVBCTuning>
  <DVBCTuning>
    <Frequency>698750</Frequency>
    <ModulationType>Mod64Qam</ModulationType>
    <SymbolRate>6875</SymbolRate>
  </DVBCTuning>
  <DVBCTuning>
    <Frequency>730750</Frequency>
    <ModulationType>Mod64Qam</ModulationType>
    <SymbolRate>6875</SymbolRate>
  </DVBCTuning>
  <DVBCTuning>
    <Frequency>562750</Frequency>
    <ModulationType>Mod64Qam</ModulationType>
    <SymbolRate>6875</SymbolRate>
  </DVBCTuning>
  <DVBCTuning>
    <Frequency>738750</Frequency>
    <ModulationType>Mod64Qam</ModulationType>
    <SymbolRate>6875</SymbolRate>
  </DVBCTuning>
</ArrayOfDVBCTuning>